nameWithOwner,url,createdAt
freeCodeCamp/freeCodeCamp,https://github.com/freeCodeCamp/freeCodeCamp,2014-12-24T17:49:19Z
EbookFoundation/free-programming-books,https://github.com/EbookFoundation/free-programming-books,2013-10-11T06:50:37Z
996icu/996.ICU,https://github.com/996icu/996.ICU,2019-03-26T07:31:14Z
jwasham/coding-interview-university,https://github.com/jwasham/coding-interview-university,2016-06-06T02:34:12Z
sindresorhus/awesome,https://github.com/sindresorhus/awesome,2014-07-11T13:42:37Z
kamranahmedse/developer-roadmap,https://github.com/kamranahmedse/developer-roadmap,2017-03-15T13:45:52Z
public-apis/public-apis,https://github.com/public-apis/public-apis,2016-03-20T23:49:42Z
donnemartin/system-design-primer,https://github.com/donnemartin/system-design-primer,2017-02-26T16:15:28Z
facebook/react,https://github.com/facebook/react,2013-05-24T16:15:54Z
vuejs/vue,https://github.com/vuejs/vue,2013-07-29T03:24:51Z
codecrafters-io/build-your-own-x,https://github.com/codecrafters-io/build-your-own-x,2018-05-09T12:03:18Z
tensorflow/tensorflow,https://github.com/tensorflow/tensorflow,2015-11-07T01:19:20Z
trekhleb/javascript-algorithms,https://github.com/trekhleb/javascript-algorithms,2018-03-24T07:47:04Z
getify/You-Dont-Know-JS,https://github.com/getify/You-Dont-Know-JS,2013-11-16T02:37:24Z
vinta/awesome-python,https://github.com/vinta/awesome-python,2014-06-27T21:00:06Z
CyC2018/CS-Notes,https://github.com/CyC2018/CS-Notes,2018-02-13T14:56:24Z
twbs/bootstrap,https://github.com/twbs/bootstrap,2011-07-29T21:19:00Z
ohmyzsh/ohmyzsh,https://github.com/ohmyzsh/ohmyzsh,2009-08-28T18:15:37Z
TheAlgorithms/Python,https://github.com/TheAlgorithms/Python,2016-07-16T09:44:01Z
flutter/flutter,https://github.com/flutter/flutter,2015-03-06T22:54:58Z
torvalds/linux,https://github.com/torvalds/linux,2011-09-04T22:48:12Z
github/gitignore,https://github.com/github/gitignore,2010-11-08T20:17:14Z
microsoft/vscode,https://github.com/microsoft/vscode,2015-09-03T20:23:38Z
ossu/computer-science,https://github.com/ossu/computer-science,2014-05-04T00:18:39Z
jlevy/the-art-of-command-line,https://github.com/jlevy/the-art-of-command-line,2015-05-20T15:11:03Z
jackfrued/Python-100-Days,https://github.com/jackfrued/Python-100-Days,2018-03-01T16:05:52Z
airbnb/javascript,https://github.com/airbnb/javascript,2012-11-01T23:13:50Z
Snailclimb/JavaGuide,https://github.com/Snailclimb/JavaGuide,2018-05-07T13:27:00Z
awesome-selfhosted/awesome-selfhosted,https://github.com/awesome-selfhosted/awesome-selfhosted,2015-06-01T02:33:17Z
ytdl-org/youtube-dl,https://github.com/ytdl-org/youtube-dl,2010-10-31T14:35:07Z
labuladong/fucking-algorithm,https://github.com/labuladong/fucking-algorithm,2020-02-19T09:01:23Z
30-seconds/30-seconds-of-code,https://github.com/30-seconds/30-seconds-of-code,2017-11-29T17:35:03Z
golang/go,https://github.com/golang/go,2014-08-19T04:33:40Z
facebook/react-native,https://github.com/facebook/react-native,2015-01-09T18:10:16Z
electron/electron,https://github.com/electron/electron,2013-04-12T01:47:36Z
d3/d3,https://github.com/d3/d3,2010-09-27T17:22:42Z
Significant-Gravitas/Auto-GPT,https://github.com/Significant-Gravitas/Auto-GPT,2023-03-16T09:21:07Z
vercel/next.js,https://github.com/vercel/next.js,2016-10-05T23:32:51Z
justjavac/free-programming-books-zh_CN,https://github.com/justjavac/free-programming-books-zh_CN,2013-11-04T01:59:19Z
avelino/awesome-go,https://github.com/avelino/awesome-go,2014-07-06T13:42:15Z
axios/axios,https://github.com/axios/axios,2014-08-18T22:30:27Z
practical-tutorials/project-based-learning,https://github.com/practical-tutorials/project-based-learning,2017-04-12T05:07:46Z
facebook/create-react-app,https://github.com/facebook/create-react-app,2016-07-17T14:55:11Z
kubernetes/kubernetes,https://github.com/kubernetes/kubernetes,2014-06-06T22:56:04Z
trimstray/the-book-of-secret-knowledge,https://github.com/trimstray/the-book-of-secret-knowledge,2018-06-23T10:43:14Z
huggingface/transformers,https://github.com/huggingface/transformers,2018-10-29T13:56:00Z
nodejs/node,https://github.com/nodejs/node,2014-11-26T19:57:11Z
mrdoob/three.js,https://github.com/mrdoob/three.js,2010-03-23T18:58:01Z
microsoft/TypeScript,https://github.com/microsoft/TypeScript,2014-06-17T15:28:39Z
yangshun/tech-interview-handbook,https://github.com/yangshun/tech-interview-handbook,2016-07-05T05:00:48Z
microsoft/PowerToys,https://github.com/microsoft/PowerToys,2019-05-01T17:44:02Z
denoland/deno,https://github.com/denoland/deno,2018-05-15T01:34:26Z
goldbergyoni/nodebestpractices,https://github.com/goldbergyoni/nodebestpractices,2017-09-15T08:33:19Z
microsoft/terminal,https://github.com/microsoft/terminal,2017-08-11T18:38:22Z
angular/angular,https://github.com/angular/angular,2014-09-18T16:12:01Z
mui/material-ui,https://github.com/mui/material-ui,2014-08-18T19:11:54Z
ant-design/ant-design,https://github.com/ant-design/ant-design,2015-04-24T15:37:24Z
puppeteer/puppeteer,https://github.com/puppeteer/puppeteer,2017-05-09T22:16:13Z
PanJiaChen/vue-element-admin,https://github.com/PanJiaChen/vue-element-admin,2017-04-17T03:35:49Z
ryanmcdermott/clean-code-javascript,https://github.com/ryanmcdermott/clean-code-javascript,2016-11-25T22:25:41Z
Genymobile/scrcpy,https://github.com/Genymobile/scrcpy,2017-11-21T18:00:27Z
iluwatar/java-design-patterns,https://github.com/iluwatar/java-design-patterns,2014-08-09T16:45:18Z
rust-lang/rust,https://github.com/rust-lang/rust,2010-06-16T20:39:03Z
storybookjs/storybook,https://github.com/storybookjs/storybook,2016-03-18T04:23:44Z
animate-css/animate.css,https://github.com/animate-css/animate.css,2011-10-12T10:07:38Z
nvbn/thefuck,https://github.com/nvbn/thefuck,2015-04-08T15:08:04Z
tensorflow/models,https://github.com/tensorflow/models,2016-02-05T01:15:20Z
gothinkster/realworld,https://github.com/gothinkster/realworld,2016-02-26T20:49:53Z
laravel/laravel,https://github.com/laravel/laravel,2011-06-08T03:06:08Z
MisterBooo/LeetCodeAnimation,https://github.com/MisterBooo/LeetCodeAnimation,2018-12-06T08:01:22Z
papers-we-love/papers-we-love,https://github.com/papers-we-love/papers-we-love,2013-12-15T14:31:41Z
FortAwesome/Font-Awesome,https://github.com/FortAwesome/Font-Awesome,2012-02-17T14:19:43Z
mtdvio/every-programmer-should-know,https://github.com/mtdvio/every-programmer-should-know,2017-08-24T13:18:26Z
django/django,https://github.com/django/django,2012-04-28T02:47:18Z
tonsky/FiraCode,https://github.com/tonsky/FiraCode,2014-11-11T19:32:38Z
doocs/advanced-java,https://github.com/doocs/advanced-java,2018-10-06T11:38:30Z
bitcoin/bitcoin,https://github.com/bitcoin/bitcoin,2010-12-19T15:16:43Z
ripienaar/free-for-dev,https://github.com/ripienaar/free-for-dev,2015-03-18T21:06:26Z
microsoft/Web-Dev-For-Beginners,https://github.com/microsoft/Web-Dev-For-Beginners,2020-11-10T02:44:00Z
f/awesome-chatgpt-prompts,https://github.com/f/awesome-chatgpt-prompts,2022-12-05T13:54:13Z
vuejs/awesome-vue,https://github.com/vuejs/awesome-vue,2015-10-20T00:16:14Z
opencv/opencv,https://github.com/opencv/opencv,2012-07-19T09:40:17Z
gin-gonic/gin,https://github.com/gin-gonic/gin,2014-06-16T23:57:25Z
AUTOMATIC1111/stable-diffusion-webui,https://github.com/AUTOMATIC1111/stable-diffusion-webui,2022-08-22T14:05:26Z
521xueweihan/HelloGitHub,https://github.com/521xueweihan/HelloGitHub,2016-05-04T06:24:11Z
tailwindlabs/tailwindcss,https://github.com/tailwindlabs/tailwindcss,2017-10-06T14:59:14Z
sveltejs/svelte,https://github.com/sveltejs/svelte,2016-11-20T18:13:05Z
spring-projects/spring-boot,https://github.com/spring-projects/spring-boot,2012-10-19T15:02:57Z
gohugoio/hugo,https://github.com/gohugoio/hugo,2013-07-04T15:26:26Z
fatedier/frp,https://github.com/fatedier/frp,2015-12-21T15:24:59Z
typicode/json-server,https://github.com/typicode/json-server,2013-11-27T13:21:13Z
nvm-sh/nvm,https://github.com/nvm-sh/nvm,2010-04-15T17:47:47Z
pytorch/pytorch,https://github.com/pytorch/pytorch,2016-08-13T05:26:41Z
moby/moby,https://github.com/moby/moby,2013-01-18T18:10:57Z
neovim/neovim,https://github.com/neovim/neovim,2014-01-31T13:39:22Z
macrozheng/mall,https://github.com/macrozheng/mall,2018-04-04T01:11:44Z
thedaviddias/Front-End-Checklist,https://github.com/thedaviddias/Front-End-Checklist,2017-10-16T10:12:36Z
florinpop17/app-ideas,https://github.com/florinpop17/app-ideas,2019-02-25T18:36:56Z
Hack-with-Github/Awesome-Hacking,https://github.com/Hack-with-Github/Awesome-Hacking,2016-03-30T15:47:10Z
iptv-org/iptv,https://github.com/iptv-org/iptv,2018-11-14T22:00:57Z
hakimel/reveal.js,https://github.com/hakimel/reveal.js,2011-06-07T18:54:22Z
elastic/elasticsearch,https://github.com/elastic/elasticsearch,2010-02-08T13:20:56Z
webpack/webpack,https://github.com/webpack/webpack,2012-03-10T10:08:14Z
netdata/netdata,https://github.com/netdata/netdata,2013-06-17T18:39:10Z
pallets/flask,https://github.com/pallets/flask,2010-04-06T11:11:59Z
tauri-apps/tauri,https://github.com/tauri-apps/tauri,2019-07-13T09:09:37Z
apple/swift,https://github.com/apple/swift,2015-10-23T21:15:07Z
GrowingGit/GitHub-Chinese-Top-Charts,https://github.com/GrowingGit/GitHub-Chinese-Top-Charts,2019-09-05T03:01:56Z
expressjs/express,https://github.com/expressjs/express,2009-06-26T18:56:01Z
godotengine/godot,https://github.com/godotengine/godot,2014-01-04T16:05:36Z
chartjs/Chart.js,https://github.com/chartjs/Chart.js,2013-03-17T23:56:36Z
coder/code-server,https://github.com/coder/code-server,2019-02-27T16:50:41Z
jaywcjlove/awesome-mac,https://github.com/jaywcjlove/awesome-mac,2016-07-17T15:33:47Z
resume/resume.github.com,https://github.com/resume/resume.github.com,2011-02-06T13:39:55Z
home-assistant/core,https://github.com/home-assistant/core,2013-09-17T07:29:48Z
kdn251/interviews,https://github.com/kdn251/interviews,2017-02-14T18:19:25Z
redis/redis,https://github.com/redis/redis,2009-03-21T22:32:25Z
reduxjs/redux,https://github.com/reduxjs/redux,2015-05-29T23:53:15Z
atom/atom,https://github.com/atom/atom,2012-01-20T18:18:21Z
angular/angular.js,https://github.com/angular/angular.js,2010-01-06T00:34:37Z
protocolbuffers/protobuf,https://github.com/protocolbuffers/protobuf,2014-08-26T15:52:15Z
adam-p/markdown-here,https://github.com/adam-p/markdown-here,2012-05-13T03:27:22Z
josephmisiti/awesome-machine-learning,https://github.com/josephmisiti/awesome-machine-learning,2014-07-15T19:11:19Z
keras-team/keras,https://github.com/keras-team/keras,2015-03-28T00:35:42Z
socketio/socket.io,https://github.com/socketio/socket.io,2010-03-11T18:24:48Z
xingshaocheng/architect-awesome,https://github.com/xingshaocheng/architect-awesome,2018-04-06T13:30:58Z
jquery/jquery,https://github.com/jquery/jquery,2009-04-03T15:20:14Z
ansible/ansible,https://github.com/ansible/ansible,2012-03-06T14:58:02Z
tiangolo/fastapi,https://github.com/tiangolo/fastapi,2018-12-08T08:21:47Z
h5bp/Front-end-Developer-Interview-Questions,https://github.com/h5bp/Front-end-Developer-Interview-Questions,2012-02-09T23:34:10Z
mermaid-js/mermaid,https://github.com/mermaid-js/mermaid,2014-11-01T23:52:32Z
kelseyhightower/nocode,https://github.com/kelseyhightower/nocode,2018-02-06T23:54:00Z
shadowsocks/shadowsocks-windows,https://github.com/shadowsocks/shadowsocks-windows,2013-01-14T07:54:16Z
lodash/lodash,https://github.com/lodash/lodash,2012-04-07T04:11:46Z
nestjs/nest,https://github.com/nestjs/nest,2017-02-04T20:12:52Z
leonardomso/33-js-concepts,https://github.com/leonardomso/33-js-concepts,2018-09-04T13:27:04Z
twitter/the-algorithm,https://github.com/twitter/the-algorithm,2023-03-27T14:57:57Z
vitejs/vite,https://github.com/vitejs/vite,2020-04-21T05:03:57Z
grafana/grafana,https://github.com/grafana/grafana,2013-12-11T15:59:56Z
enaqx/awesome-react,https://github.com/enaqx/awesome-react,2014-08-06T05:31:44Z
apache/echarts,https://github.com/apache/echarts,2013-04-03T03:18:59Z
DopplerHQ/awesome-interview-questions,https://github.com/DopplerHQ/awesome-interview-questions,2015-11-28T09:48:17Z
Developer-Y/cs-video-courses,https://github.com/Developer-Y/cs-video-courses,2016-10-21T17:02:11Z
chrislgarry/Apollo-11,https://github.com/chrislgarry/Apollo-11,2014-04-03T15:45:02Z
anuraghazra/github-readme-stats,https://github.com/anuraghazra/github-readme-stats,2020-07-09T10:34:22Z
gatsbyjs/gatsby,https://github.com/gatsbyjs/gatsby,2015-05-21T22:43:05Z
h5bp/html5-boilerplate,https://github.com/h5bp/html5-boilerplate,2010-01-24T18:03:24Z
lydiahallie/javascript-questions,https://github.com/lydiahallie/javascript-questions,2019-06-12T08:26:27Z
scikit-learn/scikit-learn,https://github.com/scikit-learn/scikit-learn,2010-08-17T09:43:38Z
awesomedata/awesome-public-datasets,https://github.com/awesomedata/awesome-public-datasets,2014-11-20T06:20:50Z
ElemeFE/element,https://github.com/ElemeFE/element,2016-09-03T06:19:26Z
strapi/strapi,https://github.com/strapi/strapi,2015-09-30T15:34:48Z
Anduin2017/HowToCook,https://github.com/Anduin2017/HowToCook,2020-02-29T10:43:49Z
rails/rails,https://github.com/rails/rails,2008-04-11T02:19:47Z
Fndroid/clash_for_windows_pkg,https://github.com/Fndroid/clash_for_windows_pkg,2018-10-18T22:59:10Z
python/cpython,https://github.com/python/cpython,2017-02-10T19:23:51Z
CompVis/stable-diffusion,https://github.com/CompVis/stable-diffusion,2022-08-10T14:36:44Z
junegunn/fzf,https://github.com/junegunn/fzf,2013-10-23T16:04:23Z
apache/superset,https://github.com/apache/superset,2015-07-21T18:55:34Z
spring-projects/spring-framework,https://github.com/spring-projects/spring-framework,2010-12-08T04:04:45Z
TheAlgorithms/Java,https://github.com/TheAlgorithms/Java,2016-07-16T10:21:02Z
sdmg15/Best-websites-a-programmer-should-visit,https://github.com/sdmg15/Best-websites-a-programmer-should-visit,2017-03-05T20:25:17Z
azl397985856/leetcode,https://github.com/azl397985856/leetcode,2018-03-30T09:13:51Z
hoppscotch/hoppscotch,https://github.com/hoppscotch/hoppscotch,2019-08-21T13:15:24Z
bradtraversy/design-resources-for-developers,https://github.com/bradtraversy/design-resources-for-developers,2020-05-06T14:40:35Z
3b1b/manim,https://github.com/3b1b/manim,2015-03-22T18:50:58Z
sindresorhus/awesome-nodejs,https://github.com/sindresorhus/awesome-nodejs,2014-07-11T13:35:34Z
syncthing/syncthing,https://github.com/syncthing/syncthing,2013-11-26T09:48:21Z
MunGell/awesome-for-beginners,https://github.com/MunGell/awesome-for-beginners,2015-10-24T19:53:36Z
tesseract-ocr/tesseract,https://github.com/tesseract-ocr/tesseract,2014-08-12T18:04:59Z
Semantic-Org/Semantic-UI,https://github.com/Semantic-Org/Semantic-UI,2013-04-08T23:32:04Z
scutan90/DeepLearning-500-questions,https://github.com/scutan90/DeepLearning-500-questions,2018-06-27T06:36:45Z
necolas/normalize.css,https://github.com/necolas/normalize.css,2011-05-04T10:20:25Z
remix-run/react-router,https://github.com/remix-run/react-router,2014-05-16T22:22:51Z
microsoft/playwright,https://github.com/microsoft/playwright,2019-11-15T18:32:42Z
psf/requests,https://github.com/psf/requests,2011-02-13T18:38:17Z
fighting41love/funNLP,https://github.com/fighting41love/funNLP,2018-08-21T11:20:39Z
ionic-team/ionic-framework,https://github.com/ionic-team/ionic-framework,2013-08-20T23:06:02Z
supabase/supabase,https://github.com/supabase/supabase,2019-10-12T05:56:49Z
ventoy/Ventoy,https://github.com/ventoy/Ventoy,2020-03-10T15:19:19Z
ageitgey/face_recognition,https://github.com/ageitgey/face_recognition,2017-03-03T21:52:39Z
google/material-design-icons,https://github.com/google/material-design-icons,2014-10-08T18:01:28Z
prometheus/prometheus,https://github.com/prometheus/prometheus,2012-11-24T11:14:12Z
microsoft/ML-For-Beginners,https://github.com/microsoft/ML-For-Beginners,2021-03-03T01:34:05Z
moment/moment,https://github.com/moment/moment,2011-03-01T02:46:06Z
google/guava,https://github.com/google/guava,2014-05-29T16:23:17Z
soimort/you-get,https://github.com/soimort/you-get,2012-08-20T15:53:36Z
swisskyrepo/PayloadsAllTheThings,https://github.com/swisskyrepo/PayloadsAllTheThings,2016-10-18T07:29:07Z
jgthms/bulma,https://github.com/jgthms/bulma,2016-01-23T23:48:34Z
obsproject/obs-studio,https://github.com/obsproject/obs-studio,2013-10-01T02:40:31Z
ocornut/imgui,https://github.com/ocornut/imgui,2014-07-21T14:29:47Z
ReactiveX/RxJava,https://github.com/ReactiveX/RxJava,2013-01-08T20:11:48Z
scrapy/scrapy,https://github.com/scrapy/scrapy,2010-02-22T02:01:14Z
caddyserver/caddy,https://github.com/caddyserver/caddy,2015-01-13T19:45:03Z
excalidraw/excalidraw,https://github.com/excalidraw/excalidraw,2020-01-02T01:04:43Z
localstack/localstack,https://github.com/localstack/localstack,2016-10-25T23:48:03Z
prakhar1989/awesome-courses,https://github.com/prakhar1989/awesome-courses,2014-11-15T18:36:49Z
jekyll/jekyll,https://github.com/jekyll/jekyll,2008-10-20T06:29:03Z
NARKOZ/hacker-scripts,https://github.com/NARKOZ/hacker-scripts,2015-11-21T19:05:09Z
Solido/awesome-flutter,https://github.com/Solido/awesome-flutter,2017-05-07T11:45:27Z
alacritty/alacritty,https://github.com/alacritty/alacritty,2016-02-18T05:02:30Z
danielmiessler/SecLists,https://github.com/danielmiessler/SecLists,2012-02-19T01:30:18Z
wasabeef/awesome-android-ui,https://github.com/wasabeef/awesome-android-ui,2014-12-24T01:45:03Z
git/git,https://github.com/git/git,2008-07-23T14:21:26Z
fffaraz/awesome-cpp,https://github.com/fffaraz/awesome-cpp,2014-07-17T08:51:11Z
yt-dlp/yt-dlp,https://github.com/yt-dlp/yt-dlp,2020-10-26T04:22:55Z
prettier/prettier,https://github.com/prettier/prettier,2016-11-29T17:13:37Z
Eugeny/tabby,https://github.com/Eugeny/tabby,2016-12-23T09:06:10Z
juliangarnier/anime,https://github.com/juliangarnier/anime,2016-03-13T21:37:45Z
nuxt/nuxt,https://github.com/nuxt/nuxt,2016-10-26T11:18:47Z
binhnguyennus/awesome-scalability,https://github.com/binhnguyennus/awesome-scalability,2017-12-27T03:46:40Z
minimaxir/big-list-of-naughty-strings,https://github.com/minimaxir/big-list-of-naughty-strings,2015-08-08T20:57:20Z
serverless/serverless,https://github.com/serverless/serverless,2015-04-21T03:48:40Z
deepfakes/faceswap,https://github.com/deepfakes/faceswap,2017-12-19T09:44:13Z
JetBrains/kotlin,https://github.com/JetBrains/kotlin,2012-02-13T17:29:58Z
facebook/docusaurus,https://github.com/facebook/docusaurus,2017-06-20T16:13:53Z
ziishaned/learn-regex,https://github.com/ziishaned/learn-regex,2017-07-22T12:21:03Z
tldr-pages/tldr,https://github.com/tldr-pages/tldr,2013-12-08T07:34:43Z
square/okhttp,https://github.com/square/okhttp,2012-07-23T13:42:55Z
DefinitelyTyped/DefinitelyTyped,https://github.com/DefinitelyTyped/DefinitelyTyped,2012-10-05T16:39:45Z
meteor/meteor,https://github.com/meteor/meteor,2012-01-19T01:58:17Z
etcd-io/etcd,https://github.com/etcd-io/etcd,2013-07-06T21:57:21Z
cypress-io/cypress,https://github.com/cypress-io/cypress,2015-03-04T00:46:28Z
ryanoasis/nerd-fonts,https://github.com/ryanoasis/nerd-fonts,2014-12-05T04:31:17Z
Textualize/rich,https://github.com/Textualize/rich,2019-11-10T15:28:09Z
TryGhost/Ghost,https://github.com/TryGhost/Ghost,2013-05-04T11:09:13Z
Alvin9999/new-pac,https://github.com/Alvin9999/new-pac,2016-03-23T08:43:36Z
iamkun/dayjs,https://github.com/iamkun/dayjs,2018-04-10T09:26:44Z
algorithm-visualizer/algorithm-visualizer,https://github.com/algorithm-visualizer/algorithm-visualizer,2016-05-15T00:27:45Z
aymericdamien/TensorFlow-Examples,https://github.com/aymericdamien/TensorFlow-Examples,2015-11-11T14:21:19Z
d2l-ai/d2l-zh,https://github.com/d2l-ai/d2l-zh,2017-08-23T04:40:24Z
traefik/traefik,https://github.com/traefik/traefik,2015-09-13T19:04:02Z
vsouza/awesome-ios,https://github.com/vsouza/awesome-ios,2014-07-10T16:03:45Z
android/architecture-samples,https://github.com/android/architecture-samples,2016-02-05T13:42:07Z
ColorlibHQ/AdminLTE,https://github.com/ColorlibHQ/AdminLTE,2013-12-25T02:52:40Z
bregman-arie/devops-exercises,https://github.com/bregman-arie/devops-exercises,2019-10-03T17:31:21Z
v2ray/v2ray-core,https://github.com/v2ray/v2ray-core,2015-09-04T11:42:53Z
parcel-bundler/parcel,https://github.com/parcel-bundler/parcel,2017-08-07T16:36:47Z
mozilla/pdf.js,https://github.com/mozilla/pdf.js,2011-04-26T06:32:03Z
babel/babel,https://github.com/babel/babel,2014-09-28T13:38:23Z
pi-hole/pi-hole,https://github.com/pi-hole/pi-hole,2014-06-08T15:02:55Z
JuliaLang/julia,https://github.com/JuliaLang/julia,2011-04-21T07:01:50Z
gogs/gogs,https://github.com/gogs/gogs,2014-02-12T01:57:08Z
ethereum/go-ethereum,https://github.com/ethereum/go-ethereum,2013-12-26T13:05:46Z
astaxie/build-web-application-with-golang,https://github.com/astaxie/build-web-application-with-golang,2012-08-02T11:49:35Z
karan/Projects,https://github.com/karan/Projects,2013-07-04T13:37:27Z
jestjs/jest,https://github.com/jestjs/jest,2013-12-10T00:18:04Z
2dust/v2rayN,https://github.com/2dust/v2rayN,2019-07-30T03:47:24Z
square/retrofit,https://github.com/square/retrofit,2010-09-06T21:39:43Z
mastodon/mastodon,https://github.com/mastodon/mastodon,2016-02-22T15:01:25Z
CorentinJ/Real-Time-Voice-Cloning,https://github.com/CorentinJ/Real-Time-Voice-Cloning,2019-05-26T08:56:15Z
yarnpkg/yarn,https://github.com/yarnpkg/yarn,2016-01-19T17:39:16Z
k88hudson/git-flight-rules,https://github.com/k88hudson/git-flight-rules,2014-07-22T20:35:09Z
rustdesk/rustdesk,https://github.com/rustdesk/rustdesk,2020-09-28T15:36:08Z
justjavac/awesome-wechat-weapp,https://github.com/justjavac/awesome-wechat-weapp,2016-09-22T20:04:48Z
sharkdp/bat,https://github.com/sharkdp/bat,2018-04-21T10:52:23Z
Dreamacro/clash,https://github.com/Dreamacro/clash,2018-06-10T14:28:14Z
oven-sh/bun,https://github.com/oven-sh/bun,2021-04-14T00:48:17Z
vercel/hyper,https://github.com/vercel/hyper,2016-07-01T06:01:21Z
Avik-Jain/100-Days-Of-ML-Code,https://github.com/Avik-Jain/100-Days-Of-ML-Code,2018-07-05T09:11:43Z
tiimgreen/github-cheat-sheet,https://github.com/tiimgreen/github-cheat-sheet,2014-04-12T16:38:42Z
typescript-cheatsheets/react,https://github.com/typescript-cheatsheets/react,2018-06-02T04:08:16Z
FiloSottile/mkcert,https://github.com/FiloSottile/mkcert,2018-06-25T05:33:03Z
x64dbg/x64dbg,https://github.com/x64dbg/x64dbg,2015-04-11T20:48:23Z
sherlock-project/sherlock,https://github.com/sherlock-project/sherlock,2018-12-24T14:30:48Z
kamranahmedse/design-patterns-for-humans,https://github.com/kamranahmedse/design-patterns-for-humans,2017-02-16T21:24:39Z
bailicangdu/vue2-elm,https://github.com/bailicangdu/vue2-elm,2016-12-23T01:49:20Z
pixijs/pixijs,https://github.com/pixijs/pixijs,2013-01-21T22:40:50Z
jgraph/drawio-desktop,https://github.com/jgraph/drawio-desktop,2017-05-25T20:58:42Z
nwjs/nw.js,https://github.com/nwjs/nw.js,2012-01-04T06:21:10Z
marktext/marktext,https://github.com/marktext/marktext,2017-11-12T16:05:25Z
chinese-poetry/chinese-poetry,https://github.com/chinese-poetry/chinese-poetry,2016-09-02T03:32:25Z
Alamofire/Alamofire,https://github.com/Alamofire/Alamofire,2014-07-31T05:56:19Z
ngosang/trackerslist,https://github.com/ngosang/trackerslist,2016-04-24T11:57:57Z
commaai/openpilot,https://github.com/commaai/openpilot,2016-11-24T01:33:30Z
golang-standards/project-layout,https://github.com/golang-standards/project-layout,2017-09-09T16:33:26Z
NationalSecurityAgency/ghidra,https://github.com/NationalSecurityAgency/ghidra,2019-03-01T03:27:48Z
Unitech/pm2,https://github.com/Unitech/pm2,2013-05-21T03:25:25Z
Dogfalo/materialize,https://github.com/Dogfalo/materialize,2014-09-12T19:35:38Z
iperov/DeepFaceLab,https://github.com/iperov/DeepFaceLab,2018-06-04T13:10:00Z
apache/dubbo,https://github.com/apache/dubbo,2012-06-19T07:56:02Z
styled-components/styled-components,https://github.com/styled-components/styled-components,2016-08-16T06:41:32Z
minio/minio,https://github.com/minio/minio,2015-01-14T19:23:58Z
PowerShell/PowerShell,https://github.com/PowerShell/PowerShell,2016-01-13T23:41:35Z
huginn/huginn,https://github.com/huginn/huginn,2013-03-10T06:00:31Z
jakevdp/PythonDataScienceHandbook,https://github.com/jakevdp/PythonDataScienceHandbook,2016-08-10T14:24:36Z
rclone/rclone,https://github.com/rclone/rclone,2014-03-16T16:19:57Z
youngyangyang04/leetcode-master,https://github.com/youngyangyang04/leetcode-master,2019-12-14T12:05:42Z
dypsilon/frontend-dev-bookmarks,https://github.com/dypsilon/frontend-dev-bookmarks,2013-06-22T13:23:55Z
pandas-dev/pandas,https://github.com/pandas-dev/pandas,2010-08-24T01:37:33Z
dcloudio/uni-app,https://github.com/dcloudio/uni-app,2018-07-12T08:52:39Z
discourse/discourse,https://github.com/discourse/discourse,2013-01-12T00:25:55Z
ultralytics/yolov5,https://github.com/ultralytics/yolov5,2020-05-18T03:45:11Z
grpc/grpc,https://github.com/grpc/grpc,2014-12-08T18:58:53Z
isocpp/CppCoreGuidelines,https://github.com/isocpp/CppCoreGuidelines,2015-08-19T20:22:52Z
nektos/act,https://github.com/nektos/act,2019-01-02T19:53:43Z
rust-lang/rustlings,https://github.com/rust-lang/rustlings,2015-09-15T02:25:18Z
BurntSushi/ripgrep,https://github.com/BurntSushi/ripgrep,2016-03-11T02:02:33Z
Leaflet/Leaflet,https://github.com/Leaflet/Leaflet,2010-09-22T16:57:44Z
faif/python-patterns,https://github.com/faif/python-patterns,2012-06-06T21:02:35Z
yangshun/front-end-interview-handbook,https://github.com/yangshun/front-end-interview-handbook,2018-01-13T19:40:08Z
impress/impress.js,https://github.com/impress/impress.js,2011-12-28T22:23:19Z
google/zx,https://github.com/google/zx,2021-05-05T05:50:01Z
vuejs/core,https://github.com/vuejs/core,2018-06-12T13:49:36Z
hashicorp/terraform,https://github.com/hashicorp/terraform,2014-03-13T22:25:48Z
GitSquared/edex-ui,https://github.com/GitSquared/edex-ui,2017-01-28T09:35:02Z
vuetifyjs/vuetify,https://github.com/vuetifyjs/vuetify,2016-09-12T00:39:35Z
fastlane/fastlane,https://github.com/fastlane/fastlane,2014-12-02T17:00:38Z
agalwood/Motrix,https://github.com/agalwood/Motrix,2018-12-18T11:45:05Z
hexojs/hexo,https://github.com/hexojs/hexo,2012-09-23T15:17:08Z
wagoodman/dive,https://github.com/wagoodman/dive,2018-05-13T15:44:01Z
streamich/react-use,https://github.com/streamich/react-use,2018-10-27T10:16:05Z
alex/what-happens-when,https://github.com/alex/what-happens-when,2013-11-07T04:30:06Z
FreeCodeCampChina/freecodecamp.cn,https://github.com/FreeCodeCampChina/freecodecamp.cn,2016-09-30T03:13:43Z
PhilJay/MPAndroidChart,https://github.com/PhilJay/MPAndroidChart,2014-04-25T14:29:47Z
iamadamdev/bypass-paywalls-chrome,https://github.com/iamadamdev/bypass-paywalls-chrome,2018-04-07T20:33:19Z
akullpp/awesome-java,https://github.com/akullpp/awesome-java,2014-07-09T10:12:43Z
poteto/hiring-without-whiteboards,https://github.com/poteto/hiring-without-whiteboards,2017-03-15T05:09:01Z
go-gitea/gitea,https://github.com/go-gitea/gitea,2016-11-01T02:13:26Z
meilisearch/meilisearch,https://github.com/meilisearch/meilisearch,2018-04-23T11:45:28Z
Homebrew/brew,https://github.com/Homebrew/brew,2016-03-06T05:08:38Z
romkatv/powerlevel10k,https://github.com/romkatv/powerlevel10k,2019-02-24T19:09:45Z
FFmpeg/FFmpeg,https://github.com/FFmpeg/FFmpeg,2011-04-14T14:12:38Z
apache/spark,https://github.com/apache/spark,2014-02-25T08:00:08Z
nocodb/nocodb,https://github.com/nocodb/nocodb,2017-10-29T18:51:48Z
laurent22/joplin,https://github.com/laurent22/joplin,2017-01-16T21:49:41Z
brillout/awesome-react-components,https://github.com/brillout/awesome-react-components,2016-06-24T15:19:33Z
gorhill/uBlock,https://github.com/gorhill/uBlock,2015-04-01T17:51:11Z
videojs/video.js,https://github.com/videojs/video.js,2010-05-14T18:45:10Z
php/php-src,https://github.com/php/php-src,2011-06-16T01:52:25Z
RocketChat/Rocket.Chat,https://github.com/RocketChat/Rocket.Chat,2015-05-19T07:36:09Z
apachecn/ailearning,https://github.com/apachecn/ailearning,2017-02-25T08:53:02Z
Asabeneh/30-Days-Of-JavaScript,https://github.com/Asabeneh/30-Days-Of-JavaScript,2019-12-23T14:07:40Z
evanw/esbuild,https://github.com/evanw/esbuild,2016-06-14T16:08:50Z
chubin/cheat.sh,https://github.com/chubin/cheat.sh,2017-05-07T21:40:56Z
floodsung/Deep-Learning-Papers-Reading-Roadmap,https://github.com/floodsung/Deep-Learning-Papers-Reading-Roadmap,2016-10-14T11:49:48Z
quilljs/quill,https://github.com/quilljs/quill,2012-07-30T23:23:18Z
slatedocs/slate,https://github.com/slatedocs/slate,2013-09-13T22:15:24Z
kelseyhightower/kubernetes-the-hard-way,https://github.com/kelseyhightower/kubernetes-the-hard-way,2016-07-07T14:15:27Z
serhii-londar/open-source-mac-os-apps,https://github.com/serhii-londar/open-source-mac-os-apps,2017-11-03T02:35:33Z
base-org/node,https://github.com/base-org/node,2023-02-01T13:55:02Z
nolimits4web/swiper,https://github.com/nolimits4web/swiper,2012-03-14T19:11:45Z
0voice/interview_internal_reference,https://github.com/0voice/interview_internal_reference,2019-06-10T06:54:19Z
Kong/kong,https://github.com/Kong/kong,2014-11-17T23:56:08Z
nodejs/node-v0.x-archive,https://github.com/nodejs/node-v0.x-archive,2009-05-27T16:29:46Z
nlohmann/json,https://github.com/nlohmann/json,2013-07-04T08:47:49Z
alvarotrigo/fullPage.js,https://github.com/alvarotrigo/fullPage.js,2013-09-20T11:58:29Z
lerna/lerna,https://github.com/lerna/lerna,2015-12-04T09:36:55Z
dkhamsing/open-source-ios-apps,https://github.com/dkhamsing/open-source-ios-apps,2015-01-26T23:32:34Z
react-hook-form/react-hook-form,https://github.com/react-hook-form/react-hook-form,2019-03-05T23:47:10Z
google/styleguide,https://github.com/google/styleguide,2015-05-20T19:18:59Z
topjohnwu/Magisk,https://github.com/topjohnwu/Magisk,2016-09-08T12:42:53Z
jeecgboot/jeecg-boot,https://github.com/jeecgboot/jeecg-boot,2018-11-26T10:40:00Z
preactjs/preact,https://github.com/preactjs/preact,2015-09-11T02:40:18Z
wg/wrk,https://github.com/wg/wrk,2012-03-20T11:12:28Z
skylot/jadx,https://github.com/skylot/jadx,2013-03-18T17:08:21Z
nomic-ai/gpt4all,https://github.com/nomic-ai/gpt4all,2023-03-27T18:49:32Z
TanStack/query,https://github.com/TanStack/query,2019-09-10T19:23:58Z
jesseduffield/lazygit,https://github.com/jesseduffield/lazygit,2018-05-19T00:53:06Z
sahat/hackathon-starter,https://github.com/sahat/hackathon-starter,2013-11-13T17:24:12Z
photonstorm/phaser,https://github.com/photonstorm/phaser,2013-04-12T12:27:51Z
ant-design/ant-design-pro,https://github.com/ant-design/ant-design-pro,2017-08-25T10:40:44Z
rust-unofficial/awesome-rust,https://github.com/rust-unofficial/awesome-rust,2014-07-17T10:45:10Z
jgraph/drawio,https://github.com/jgraph/drawio,2016-09-06T12:59:15Z
google-research/bert,https://github.com/google-research/bert,2018-10-25T22:57:34Z
openai/whisper,https://github.com/openai/whisper,2022-09-16T20:02:54Z
getsentry/sentry,https://github.com/getsentry/sentry,2010-08-30T22:06:41Z
eugenp/tutorials,https://github.com/eugenp/tutorials,2013-04-29T18:26:36Z
pingcap/tidb,https://github.com/pingcap/tidb,2015-09-06T04:01:52Z
koajs/koa,https://github.com/koajs/koa,2013-07-20T18:53:45Z
AppFlowy-IO/AppFlowy,https://github.com/AppFlowy-IO/AppFlowy,2021-06-16T12:56:48Z
starship/starship,https://github.com/starship/starship,2019-04-02T03:23:12Z
airbnb/lottie-android,https://github.com/airbnb/lottie-android,2016-10-06T22:42:42Z
tabler/tabler,https://github.com/tabler/tabler,2018-02-01T09:08:59Z
microsoft/monaco-editor,https://github.com/microsoft/monaco-editor,2016-06-07T16:56:31Z
open-guides/og-aws,https://github.com/open-guides/og-aws,2016-07-13T17:30:16Z
exacity/deeplearningbook-chinese,https://github.com/exacity/deeplearningbook-chinese,2016-12-07T11:46:51Z
shadowsocks/shadowsocks-android,https://github.com/shadowsocks/shadowsocks-android,2012-12-16T13:40:29Z
AobingJava/JavaFamily,https://github.com/AobingJava/JavaFamily,2019-11-12T04:26:18Z
bumptech/glide,https://github.com/bumptech/glide,2013-07-08T22:52:33Z
adobe/brackets,https://github.com/adobe/brackets,2011-12-07T21:14:40Z
vlang/v,https://github.com/vlang/v,2019-02-08T02:57:06Z
nativefier/nativefier,https://github.com/nativefier/nativefier,2015-07-05T05:56:42Z
shadowsocks/shadowsocks,https://github.com/shadowsocks/shadowsocks,2012-04-20T13:10:49Z
AFNetworking/AFNetworking,https://github.com/AFNetworking/AFNetworking,2011-05-31T21:28:44Z
dylanaraps/pure-bash-bible,https://github.com/dylanaraps/pure-bash-bible,2018-06-13T01:39:33Z
LeCoupa/awesome-cheatsheets,https://github.com/LeCoupa/awesome-cheatsheets,2017-11-09T02:47:15Z
BVLC/caffe,https://github.com/BVLC/caffe,2013-09-12T18:39:48Z
lencx/ChatGPT,https://github.com/lencx/ChatGPT,2022-12-07T09:43:02Z
PlexPt/awesome-chatgpt-prompts-zh,https://github.com/PlexPt/awesome-chatgpt-prompts-zh,2022-12-12T01:55:03Z
firstcontributions/first-contributions,https://github.com/firstcontributions/first-contributions,2016-09-20T14:35:09Z
zenorocha/clipboard.js,https://github.com/zenorocha/clipboard.js,2015-09-18T23:04:55Z
GokuMohandas/Made-With-ML,https://github.com/GokuMohandas/Made-With-ML,2018-11-05T03:44:27Z
iina/iina,https://github.com/iina/iina,2016-12-19T07:18:45Z
type-challenges/type-challenges,https://github.com/type-challenges/type-challenges,2020-07-23T14:33:11Z
istio/istio,https://github.com/istio/istio,2016-11-18T23:57:21Z
NervJS/taro,https://github.com/NervJS/taro,2018-04-08T09:32:26Z
jondot/awesome-react-native,https://github.com/jondot/awesome-react-native,2015-03-26T19:58:06Z
gulpjs/gulp,https://github.com/gulpjs/gulp,2013-07-04T05:26:06Z
SheetJS/sheetjs,https://github.com/SheetJS/sheetjs,2012-12-03T19:25:52Z
unknwon/the-way-to-go_ZH_CN,https://github.com/unknwon/the-way-to-go_ZH_CN,2013-03-24T17:18:38Z
satwikkansal/wtfpython,https://github.com/satwikkansal/wtfpython,2017-08-28T20:22:19Z
immutable-js/immutable-js,https://github.com/immutable-js/immutable-js,2014-07-02T06:02:29Z
google/leveldb,https://github.com/google/leveldb,2014-08-27T21:17:52Z
formulahendry/955.WLB,https://github.com/formulahendry/955.WLB,2019-03-27T23:53:37Z
louislam/uptime-kuma,https://github.com/louislam/uptime-kuma,2021-07-03T01:02:42Z
chakra-ui/chakra-ui,https://github.com/chakra-ui/chakra-ui,2019-08-17T14:27:54Z
gto76/python-cheatsheet,https://github.com/gto76/python-cheatsheet,2018-01-25T04:16:53Z
carbon-app/carbon,https://github.com/carbon-app/carbon,2017-06-16T02:50:28Z
geekxh/hello-algorithm,https://github.com/geekxh/hello-algorithm,2020-05-29T05:47:09Z
jaredpalmer/formik,https://github.com/jaredpalmer/formik,2017-06-14T19:50:59Z
alibaba/arthas,https://github.com/alibaba/arthas,2018-08-29T17:15:57Z
xitu/gold-miner,https://github.com/xitu/gold-miner,2015-11-04T03:29:13Z
go-gorm/gorm,https://github.com/go-gorm/gorm,2013-10-25T08:31:38Z
google/material-design-lite,https://github.com/google/material-design-lite,2015-01-14T22:01:33Z
QSCTech/zju-icicles,https://github.com/QSCTech/zju-icicles,2016-06-28T16:17:32Z
psf/black,https://github.com/psf/black,2018-03-14T19:54:45Z
metabase/metabase,https://github.com/metabase/metabase,2015-02-02T19:25:47Z
cli/cli,https://github.com/cli/cli,2019-10-03T15:24:53Z
Blankj/AndroidUtilCode,https://github.com/Blankj/AndroidUtilCode,2016-07-30T18:18:32Z
XX-net/XX-Net,https://github.com/XX-net/XX-Net,2015-01-15T09:35:51Z
koalaman/shellcheck,https://github.com/koalaman/shellcheck,2012-11-17T03:15:11Z
microsoft/TaskMatrix,https://github.com/microsoft/TaskMatrix,2023-03-02T09:04:28Z
dbeaver/dbeaver,https://github.com/dbeaver/dbeaver,2015-10-21T08:26:28Z
spf13/cobra,https://github.com/spf13/cobra,2013-09-03T20:40:26Z
pyenv/pyenv,https://github.com/pyenv/pyenv,2012-08-31T06:57:52Z
dotnet/aspnetcore,https://github.com/dotnet/aspnetcore,2014-03-11T06:09:42Z
massgravel/Microsoft-Activation-Scripts,https://github.com/massgravel/Microsoft-Activation-Scripts,2020-01-12T23:03:34Z
shadowsocks/ShadowsocksX-NG,https://github.com/shadowsocks/ShadowsocksX-NG,2016-06-10T11:49:00Z
date-fns/date-fns,https://github.com/date-fns/date-fns,2014-10-06T10:24:22Z
bilibili/ijkplayer,https://github.com/bilibili/ijkplayer,2013-06-03T04:12:04Z
freeCodeCamp/devdocs,https://github.com/freeCodeCamp/devdocs,2013-10-24T18:16:07Z
acmesh-official/acme.sh,https://github.com/acmesh-official/acme.sh,2015-12-26T12:56:33Z
Trinea/android-open-project,https://github.com/Trinea/android-open-project,2014-01-05T15:20:15Z
netty/netty,https://github.com/netty/netty,2010-11-09T09:22:21Z
junegunn/vim-plug,https://github.com/junegunn/vim-plug,2013-09-10T14:58:51Z
blueimp/jQuery-File-Upload,https://github.com/blueimp/jQuery-File-Upload,2010-12-01T15:35:32Z
typeorm/typeorm,https://github.com/typeorm/typeorm,2016-02-29T07:41:14Z
testerSunshine/12306,https://github.com/testerSunshine/12306,2017-05-17T12:23:40Z
zxing/zxing,https://github.com/zxing/zxing,2011-10-12T14:07:27Z
openai/gym,https://github.com/openai/gym,2016-04-27T14:59:16Z
ruanyf/weekly,https://github.com/ruanyf/weekly,2018-10-13T12:36:07Z
appwrite/appwrite,https://github.com/appwrite/appwrite,2019-04-08T16:36:25Z
mitmproxy/mitmproxy,https://github.com/mitmproxy/mitmproxy,2010-02-16T04:10:13Z
denysdovhan/wtfjs,https://github.com/denysdovhan/wtfjs,2017-07-14T15:42:12Z
prisma/prisma,https://github.com/prisma/prisma,2019-06-20T13:33:47Z
freefq/free,https://github.com/freefq/free,2020-06-07T02:48:33Z
sorrycc/awesome-javascript,https://github.com/sorrycc/awesome-javascript,2014-07-01T15:59:02Z
openai/openai-cookbook,https://github.com/openai/openai-cookbook,2022-03-11T02:08:53Z
fxsjy/jieba,https://github.com/fxsjy/jieba,2012-09-29T07:52:01Z
carbon-language/carbon-lang,https://github.com/carbon-language/carbon-lang,2020-04-27T21:45:16Z
bannedbook/fanqiang,https://github.com/bannedbook/fanqiang,2015-01-14T00:34:25Z
naptha/tesseract.js,https://github.com/naptha/tesseract.js,2015-06-24T02:49:52Z
hwchase17/langchain,https://github.com/hwchase17/langchain,2022-10-17T02:58:36Z
DovAmir/awesome-design-patterns,https://github.com/DovAmir/awesome-design-patterns,2018-06-04T17:47:48Z
bayandin/awesome-awesomeness,https://github.com/bayandin/awesome-awesomeness,2014-07-08T05:44:19Z
vim/vim,https://github.com/vim/vim,2015-08-18T21:03:56Z
aria2/aria2,https://github.com/aria2/aria2,2010-11-27T09:41:48Z
rapid7/metasploit-framework,https://github.com/rapid7/metasploit-framework,2011-08-30T06:13:20Z
Z4nzu/hackingtool,https://github.com/Z4nzu/hackingtool,2020-04-11T09:21:31Z
pmndrs/zustand,https://github.com/pmndrs/zustand,2019-04-09T09:10:06Z
apache/airflow,https://github.com/apache/airflow,2015-04-13T18:04:58Z
Light-City/CPlusPlusThings,https://github.com/Light-City/CPlusPlusThings,2019-07-14T08:45:45Z
certbot/certbot,https://github.com/certbot/certbot,2014-11-12T02:52:20Z
curl/curl,https://github.com/curl/curl,2010-03-18T22:32:22Z
atlassian/react-beautiful-dnd,https://github.com/atlassian/react-beautiful-dnd,2017-08-09T03:37:15Z
sickcodes/Docker-OSX,https://github.com/sickcodes/Docker-OSX,2020-06-04T11:01:37Z
PaddlePaddle/PaddleOCR,https://github.com/PaddlePaddle/PaddleOCR,2020-05-08T10:38:16Z
binary-husky/chatgpt_academic,https://github.com/binary-husky/chatgpt_academic,2023-03-20T09:05:13Z
withastro/astro,https://github.com/withastro/astro,2021-03-15T17:19:47Z
n8n-io/n8n,https://github.com/n8n-io/n8n,2019-06-22T09:24:21Z
beego/beego,https://github.com/beego/beego,2012-02-29T02:32:08Z
joshbuchea/HEAD,https://github.com/joshbuchea/HEAD,2016-04-20T20:05:37Z
vuejs/vue-cli,https://github.com/vuejs/vue-cli,2015-12-26T23:11:20Z
mingrammer/diagrams,https://github.com/mingrammer/diagrams,2020-02-02T15:23:24Z
LAION-AI/Open-Assistant,https://github.com/LAION-AI/Open-Assistant,2022-12-13T05:24:17Z
hasura/graphql-engine,https://github.com/hasura/graphql-engine,2018-06-18T07:57:36Z
halfrost/LeetCode-Go,https://github.com/halfrost/LeetCode-Go,2017-07-18T00:06:14Z
markedjs/marked,https://github.com/markedjs/marked,2011-07-24T13:15:51Z
google/googletest,https://github.com/google/googletest,2015-07-28T15:07:53Z
foundation/foundation-sites,https://github.com/foundation/foundation-sites,2011-10-13T23:05:42Z
mqyqingfeng/Blog,https://github.com/mqyqingfeng/Blog,2017-03-13T10:04:33Z
laravel/framework,https://github.com/laravel/framework,2013-01-10T21:27:28Z
CSSEGISandData/COVID-19,https://github.com/CSSEGISandData/COVID-19,2020-02-04T22:03:53Z
xkcoding/spring-boot-demo,https://github.com/xkcoding/spring-boot-demo,2017-11-10T06:27:29Z
typicode/husky,https://github.com/typicode/husky,2014-06-23T12:14:21Z
docker/compose,https://github.com/docker/compose,2013-12-09T11:40:58Z
ariya/phantomjs,https://github.com/ariya/phantomjs,2010-12-27T08:18:58Z
facebookresearch/segment-anything,https://github.com/facebookresearch/segment-anything,2023-03-23T17:03:03Z
lukehoban/es6features,https://github.com/lukehoban/es6features,2014-03-03T18:29:30Z
react-boilerplate/react-boilerplate,https://github.com/react-boilerplate/react-boilerplate,2015-02-18T14:36:32Z
alibaba/p3c,https://github.com/alibaba/p3c,2017-06-23T06:15:51Z
mathiasbynens/dotfiles,https://github.com/mathiasbynens/dotfiles,2011-09-05T18:07:54Z
odoo/odoo,https://github.com/odoo/odoo,2014-05-13T15:38:58Z
lib-pku/libpku,https://github.com/lib-pku/libpku,2018-11-22T13:33:06Z
ityouknow/spring-boot-examples,https://github.com/ityouknow/spring-boot-examples,2016-11-05T05:32:33Z
hankcs/HanLP,https://github.com/hankcs/HanLP,2014-10-09T06:36:16Z
amix/vimrc,https://github.com/amix/vimrc,2012-05-29T16:19:29Z
sudheerj/reactjs-interview-questions,https://github.com/sudheerj/reactjs-interview-questions,2018-05-31T17:17:01Z
ReactiveX/rxjs,https://github.com/ReactiveX/rxjs,2015-03-15T06:17:10Z
PKUFlyingPig/cs-self-learning,https://github.com/PKUFlyingPig/cs-self-learning,2021-10-20T13:43:42Z
huihut/interview,https://github.com/huihut/interview,2018-02-09T09:49:48Z
elsewhencode/project-guidelines,https://github.com/elsewhencode/project-guidelines,2017-06-30T10:17:55Z
hpcaitech/ColossalAI,https://github.com/hpcaitech/ColossalAI,2021-10-28T16:19:44Z
jgm/pandoc,https://github.com/jgm/pandoc,2010-03-20T20:34:23Z
google-research/google-research,https://github.com/google-research/google-research,2018-10-04T18:42:48Z
ziadoz/awesome-php,https://github.com/ziadoz/awesome-php,2013-11-26T03:14:19Z
tmux/tmux,https://github.com/tmux/tmux,2015-06-03T23:32:55Z
square/leakcanary,https://github.com/square/leakcanary,2015-04-29T23:54:16Z
PKUanonym/REKCARC-TSC-UHT,https://github.com/PKUanonym/REKCARC-TSC-UHT,2019-04-05T03:31:23Z
IanLunn/Hover,https://github.com/IanLunn/Hover,2014-01-02T14:27:35Z
airbnb/lottie-web,https://github.com/airbnb/lottie-web,2015-02-20T21:02:59Z
ClickHouse/ClickHouse,https://github.com/ClickHouse/ClickHouse,2016-06-02T08:28:18Z
babysor/MockingBird,https://github.com/babysor/MockingBird,2021-08-07T03:53:39Z
TencentARC/GFPGAN,https://github.com/TencentARC/GFPGAN,2021-03-19T06:18:20Z
symfony/symfony,https://github.com/symfony/symfony,2010-01-04T14:21:21Z
aosabook/500lines,https://github.com/aosabook/500lines,2013-11-04T02:02:53Z
goabstract/Awesome-Design-Tools,https://github.com/goabstract/Awesome-Design-Tools,2019-02-12T13:55:30Z
tastejs/todomvc,https://github.com/tastejs/todomvc,2011-06-03T19:56:33Z
shengxinjing/programmer-job-blacklist,https://github.com/shengxinjing/programmer-job-blacklist,2016-06-25T06:09:10Z
bradtraversy/50projects50days,https://github.com/bradtraversy/50projects50days,2020-11-16T14:39:01Z
standard/standard,https://github.com/standard/standard,2015-01-27T01:23:31Z
codepath/android_guides,https://github.com/codepath/android_guides,2013-06-19T10:24:45Z
niklasvh/html2canvas,https://github.com/niklasvh/html2canvas,2011-07-16T01:05:58Z
0xAX/linux-insides,https://github.com/0xAX/linux-insides,2015-01-03T18:44:57Z
jashkenas/backbone,https://github.com/jashkenas/backbone,2010-09-30T19:41:28Z
vuejs/vuex,https://github.com/vuejs/vuex,2015-07-16T04:21:26Z
apolloconfig/apollo,https://github.com/apolloconfig/apollo,2016-03-04T10:24:23Z
ccxt/ccxt,https://github.com/ccxt/ccxt,2017-05-14T15:41:56Z
kenwheeler/slick,https://github.com/kenwheeler/slick,2014-03-24T02:10:05Z
caolan/async,https://github.com/caolan/async,2010-06-01T21:01:30Z
webtorrent/webtorrent,https://github.com/webtorrent/webtorrent,2013-10-15T08:16:40Z
sequelize/sequelize,https://github.com/sequelize/sequelize,2010-07-22T07:11:11Z
Kong/insomnia,https://github.com/Kong/insomnia,2016-04-23T03:54:26Z
Binaryify/NeteaseCloudMusicApi,https://github.com/Binaryify/NeteaseCloudMusicApi,2016-06-22T11:58:03Z
kodecocodes/swift-algorithm-club,https://github.com/kodecocodes/swift-algorithm-club,2016-01-26T17:56:12Z
composer/composer,https://github.com/composer/composer,2011-06-08T08:53:00Z
hashicorp/vault,https://github.com/hashicorp/vault,2015-02-25T00:15:59Z
fengdu78/Coursera-ML-AndrewNg-Notes,https://github.com/fengdu78/Coursera-ML-AndrewNg-Notes,2017-11-04T10:04:08Z
alibaba/easyexcel,https://github.com/alibaba/easyexcel,2018-02-06T03:14:08Z
coreybutler/nvm-windows,https://github.com/coreybutler/nvm-windows,2014-09-20T16:37:28Z
geekcomputers/Python,https://github.com/geekcomputers/Python,2011-11-30T09:04:08Z
postcss/postcss,https://github.com/postcss/postcss,2013-09-24T23:06:48Z
httpie/httpie,https://github.com/httpie/httpie,2012-02-25T12:39:13Z
herrbischoff/awesome-macos-command-line,https://github.com/herrbischoff/awesome-macos-command-line,2015-09-22T19:37:55Z
pcottle/learnGitBranching,https://github.com/pcottle/learnGitBranching,2012-08-13T22:36:09Z
WerWolv/ImHex,https://github.com/WerWolv/ImHex,2020-11-10T14:27:00Z
files-community/Files,https://github.com/files-community/Files,2019-01-04T18:19:14Z
solidjs/solid,https://github.com/solidjs/solid,2018-04-24T16:36:27Z
yewstack/yew,https://github.com/yewstack/yew,2017-12-16T14:19:02Z
alebcay/awesome-shell,https://github.com/alebcay/awesome-shell,2014-07-07T01:57:42Z
donnemartin/interactive-coding-challenges,https://github.com/donnemartin/interactive-coding-challenges,2015-04-28T21:36:39Z
sharkdp/fd,https://github.com/sharkdp/fd,2017-05-09T21:27:10Z
Homebrew/legacy-homebrew,https://github.com/Homebrew/legacy-homebrew,2009-05-20T19:38:37Z
trailofbits/algo,https://github.com/trailofbits/algo,2016-05-15T03:42:48Z
byoungd/English-level-up-tips,https://github.com/byoungd/English-level-up-tips,2017-05-30T07:18:52Z
swc-project/swc,https://github.com/swc-project/swc,2017-12-22T11:40:14Z
fastify/fastify,https://github.com/fastify/fastify,2016-09-28T19:10:14Z
VincentGarreau/particles.js,https://github.com/VincentGarreau/particles.js,2014-09-06T14:29:47Z
layui/layui,https://github.com/layui/layui,2015-09-22T08:12:03Z
microsoft/calculator,https://github.com/microsoft/calculator,2019-01-28T17:55:49Z
cockroachdb/cockroach,https://github.com/cockroachdb/cockroach,2014-02-06T00:18:47Z
crossoverJie/JCSprout,https://github.com/crossoverJie/JCSprout,2017-12-17T09:06:50Z
jashkenas/underscore,https://github.com/jashkenas/underscore,2009-10-25T18:31:06Z
halo-dev/halo,https://github.com/halo-dev/halo,2018-03-21T12:56:52Z
ianstormtaylor/slate,https://github.com/ianstormtaylor/slate,2016-06-18T01:52:42Z
CMU-Perceptual-Computing-Lab/openpose,https://github.com/CMU-Perceptual-Computing-Lab/openpose,2017-04-24T14:06:31Z
Advanced-Frontend/Daily-Interview-Question,https://github.com/Advanced-Frontend/Daily-Interview-Question,2019-01-19T10:49:00Z
alibaba/druid,https://github.com/alibaba/druid,2011-11-03T05:12:51Z
ZuzooVn/machine-learning-for-software-engineers,https://github.com/ZuzooVn/machine-learning-for-software-engineers,2016-10-09T21:20:25Z
sqlmapproject/sqlmap,https://github.com/sqlmapproject/sqlmap,2012-06-26T09:52:15Z
zhongyang219/TrafficMonitor,https://github.com/zhongyang219/TrafficMonitor,2017-07-30T02:51:17Z
harness/drone,https://github.com/harness/drone,2014-02-07T07:54:44Z
Tencent/weui,https://github.com/Tencent/weui,2014-12-18T04:09:54Z
transloadit/uppy,https://github.com/transloadit/uppy,2015-11-16T12:32:33Z
fzaninotto/Faker,https://github.com/fzaninotto/Faker,2011-10-14T22:49:02Z
SortableJS/Sortable,https://github.com/SortableJS/Sortable,2013-12-19T10:10:13Z
houshanren/hangzhou_house_knowledge,https://github.com/houshanren/hangzhou_house_knowledge,2018-02-24T01:54:18Z
danielgindi/Charts,https://github.com/danielgindi/Charts,2015-03-20T10:49:12Z
vercel/swr,https://github.com/vercel/swr,2019-10-28T18:16:01Z
ibraheemdev/modern-unix,https://github.com/ibraheemdev/modern-unix,2021-01-12T00:50:14Z
lyswhut/lx-music-desktop,https://github.com/lyswhut/lx-music-desktop,2019-08-14T14:31:08Z
GoogleChrome/lighthouse,https://github.com/GoogleChrome/lighthouse,2016-03-08T01:03:11Z
mobxjs/mobx,https://github.com/mobxjs/mobx,2015-03-14T14:31:38Z
dair-ai/Prompt-Engineering-Guide,https://github.com/dair-ai/Prompt-Engineering-Guide,2022-12-16T16:04:50Z
parallax/jsPDF,https://github.com/parallax/jsPDF,2009-12-06T14:56:32Z
SeleniumHQ/selenium,https://github.com/SeleniumHQ/selenium,2013-01-14T21:40:56Z
jesseduffield/lazydocker,https://github.com/jesseduffield/lazydocker,2019-05-18T08:53:50Z
slidevjs/slidev,https://github.com/slidevjs/slidev,2021-04-24T01:25:23Z
hashicorp/consul,https://github.com/hashicorp/consul,2013-11-04T22:15:27Z
appsmithorg/appsmith,https://github.com/appsmithorg/appsmith,2020-06-30T04:07:36Z
kubernetes/minikube,https://github.com/kubernetes/minikube,2016-04-15T22:38:35Z
yunjey/pytorch-tutorial,https://github.com/yunjey/pytorch-tutorial,2017-03-10T07:41:47Z
OAI/OpenAPI-Specification,https://github.com/OAI/OpenAPI-Specification,2014-03-03T16:53:36Z
TheAlgorithms/JavaScript,https://github.com/TheAlgorithms/JavaScript,2017-07-13T06:12:33Z
cheeriojs/cheerio,https://github.com/cheeriojs/cheerio,2011-10-09T04:23:20Z
realpython/python-guide,https://github.com/realpython/python-guide,2011-03-15T03:24:20Z
nvie/gitflow,https://github.com/nvie/gitflow,2010-01-20T23:14:12Z
jobbole/awesome-python-cn,https://github.com/jobbole/awesome-python-cn,2015-11-03T09:50:50Z
alibaba/nacos,https://github.com/alibaba/nacos,2018-06-15T06:49:27Z
geekcompany/ResumeSample,https://github.com/geekcompany/ResumeSample,2014-09-08T08:08:13Z
dromara/hutool,https://github.com/dromara/hutool,2014-04-13T07:23:51Z
nagadomi/waifu2x,https://github.com/nagadomi/waifu2x,2015-05-17T07:29:15Z
angular/angular-cli,https://github.com/angular/angular-cli,2015-06-04T19:49:37Z
rethinkdb/rethinkdb,https://github.com/rethinkdb/rethinkdb,2012-10-30T05:37:47Z
JedWatson/react-select,https://github.com/JedWatson/react-select,2014-08-26T04:27:45Z
YMFE/yapi,https://github.com/YMFE/yapi,2016-05-30T09:09:09Z
gofiber/fiber,https://github.com/gofiber/fiber,2020-01-16T03:59:20Z
zsh-users/zsh-autosuggestions,https://github.com/zsh-users/zsh-autosuggestions,2013-10-26T16:09:37Z
explosion/spaCy,https://github.com/explosion/spaCy,2014-07-03T15:15:40Z
qiurunze123/miaosha,https://github.com/qiurunze123/miaosha,2018-09-14T04:36:24Z
codemirror/codemirror5,https://github.com/codemirror/codemirror5,2011-01-14T13:44:03Z
lenve/vhr,https://github.com/lenve/vhr,2018-01-04T08:57:51Z
The-Run-Philosophy-Organization/run,https://github.com/The-Run-Philosophy-Organization/run,2022-04-10T05:42:40Z
facebookresearch/Detectron,https://github.com/facebookresearch/Detectron,2017-10-05T17:32:00Z
coolsnowwolf/lede,https://github.com/coolsnowwolf/lede,2017-09-06T07:39:03Z
github/fetch,https://github.com/github/fetch,2014-10-13T00:26:19Z
photoprism/photoprism,https://github.com/photoprism/photoprism,2018-01-27T12:00:15Z
JakeWharton/butterknife,https://github.com/JakeWharton/butterknife,2013-03-05T08:18:59Z
request/request,https://github.com/request/request,2011-01-23T01:25:14Z
select2/select2,https://github.com/select2/select2,2012-03-04T18:43:12Z
Automattic/mongoose,https://github.com/Automattic/mongoose,2010-04-06T21:39:05Z
digitalocean/nginxconfig.io,https://github.com/digitalocean/nginxconfig.io,2018-01-05T14:21:14Z
ajaxorg/ace,https://github.com/ajaxorg/ace,2010-10-27T10:43:36Z
alibaba/canal,https://github.com/alibaba/canal,2013-01-13T10:59:52Z
ehang-io/nps,https://github.com/ehang-io/nps,2018-11-04T13:22:51Z
CamDavidsonPilon/Probabilistic-Programming-and-Bayesian-Methods-for-Hackers,https://github.com/CamDavidsonPilon/Probabilistic-Programming-and-Bayesian-Methods-for-Hackers,2013-01-14T15:46:28Z
pmndrs/react-spring,https://github.com/pmndrs/react-spring,2018-03-07T15:39:32Z
GitbookIO/gitbook,https://github.com/GitbookIO/gitbook,2014-03-31T03:01:56Z
labstack/echo,https://github.com/labstack/echo,2015-03-01T17:43:01Z
Modernizr/Modernizr,https://github.com/Modernizr/Modernizr,2009-09-25T20:13:23Z
wuyouzhuguli/SpringAll,https://github.com/wuyouzhuguli/SpringAll,2018-05-02T02:48:44Z
alibaba/spring-cloud-alibaba,https://github.com/alibaba/spring-cloud-alibaba,2017-12-01T20:49:15Z
encode/django-rest-framework,https://github.com/encode/django-rest-framework,2011-03-02T17:13:56Z
balena-io/etcher,https://github.com/balena-io/etcher,2015-10-27T16:53:23Z
jamiebuilds/the-super-tiny-compiler,https://github.com/jamiebuilds/the-super-tiny-compiler,2016-03-11T04:19:18Z
influxdata/influxdb,https://github.com/influxdata/influxdb,2013-09-26T14:31:10Z
alibaba/fastjson,https://github.com/alibaba/fastjson,2011-11-03T06:58:52Z
viraptor/reverse-interview,https://github.com/viraptor/reverse-interview,2019-09-08T13:38:40Z
portainer/portainer,https://github.com/portainer/portainer,2016-05-19T20:15:28Z
qishibo/AnotherRedisDesktopManager,https://github.com/qishibo/AnotherRedisDesktopManager,2019-01-08T06:01:56Z
rstacruz/nprogress,https://github.com/rstacruz/nprogress,2013-08-20T13:58:02Z
mattermost/mattermost-server,https://github.com/mattermost/mattermost-server,2015-06-15T06:50:02Z
ray-project/ray,https://github.com/ray-project/ray,2016-10-25T19:38:30Z
lapce/lapce,https://github.com/lapce/lapce,2018-02-06T08:41:06Z
floating-ui/floating-ui,https://github.com/floating-ui/floating-ui,2016-03-29T17:00:47Z
AllThingsSmitty/css-protips,https://github.com/AllThingsSmitty/css-protips,2015-08-29T12:29:03Z
remy/nodemon,https://github.com/remy/nodemon,2010-10-03T12:50:52Z
lukasz-madon/awesome-remote-job,https://github.com/lukasz-madon/awesome-remote-job,2015-01-02T00:31:34Z
hashicorp/vagrant,https://github.com/hashicorp/vagrant,2010-01-21T08:34:27Z
immerjs/immer,https://github.com/immerjs/immer,2017-12-29T12:25:47Z
veggiemonk/awesome-docker,https://github.com/veggiemonk/awesome-docker,2014-09-21T17:01:48Z
proxyee-down-org/proxyee-down,https://github.com/proxyee-down-org/proxyee-down,2017-10-25T10:07:27Z
AMAI-GmbH/AI-Expert-Roadmap,https://github.com/AMAI-GmbH/AI-Expert-Roadmap,2020-10-24T21:49:40Z
facebook/rocksdb,https://github.com/facebook/rocksdb,2012-11-30T06:16:18Z
lovell/sharp,https://github.com/lovell/sharp,2013-08-19T20:24:24Z
facebook/folly,https://github.com/facebook/folly,2012-06-01T20:49:04Z
ryanhanwu/How-To-Ask-Questions-The-Smart-Way,https://github.com/ryanhanwu/How-To-Ask-Questions-The-Smart-Way,2015-03-28T16:52:40Z
ageron/handson-ml,https://github.com/ageron/handson-ml,2016-02-16T19:48:39Z
donnemartin/data-science-ipython-notebooks,https://github.com/donnemartin/data-science-ipython-notebooks,2015-01-23T19:38:29Z
huggingface/pytorch-image-models,https://github.com/huggingface/pytorch-image-models,2019-02-02T05:51:12Z
bvaughn/react-virtualized,https://github.com/bvaughn/react-virtualized,2015-11-03T00:48:07Z
yuzu-emu/yuzu,https://github.com/yuzu-emu/yuzu,2018-01-03T18:13:57Z
go-kit/kit,https://github.com/go-kit/kit,2015-02-03T00:01:19Z
cfenollosa/os-tutorial,https://github.com/cfenollosa/os-tutorial,2014-09-29T08:39:34Z
ggreer/the_silver_searcher,https://github.com/ggreer/the_silver_searcher,2011-11-19T19:50:47Z
yichengchen/clashX,https://github.com/yichengchen/clashX,2018-06-13T02:51:24Z
trpc/trpc,https://github.com/trpc/trpc,2020-07-18T01:17:11Z
dwmkerr/hacker-laws,https://github.com/dwmkerr/hacker-laws,2018-01-25T03:46:34Z
acheong08/ChatGPT,https://github.com/acheong08/ChatGPT,2022-12-03T14:35:24Z
stedolan/jq,https://github.com/stedolan/jq,2012-07-18T19:57:25Z
nylas/nylas-mail,https://github.com/nylas/nylas-mail,2014-10-16T18:29:12Z
apache/kafka,https://github.com/apache/kafka,2011-08-15T18:06:16Z
ycm-core/YouCompleteMe,https://github.com/ycm-core/YouCompleteMe,2012-04-16T03:12:14Z
python-poetry/poetry,https://github.com/python-poetry/poetry,2018-02-28T15:23:47Z
cmderdev/cmder,https://github.com/cmderdev/cmder,2013-07-09T07:44:22Z
alist-org/alist,https://github.com/alist-org/alist,2020-12-23T17:40:29Z
ageron/handson-ml2,https://github.com/ageron/handson-ml2,2019-01-08T03:49:07Z
fabricjs/fabric.js,https://github.com/fabricjs/fabric.js,2010-06-09T22:24:38Z
tj/commander.js,https://github.com/tj/commander.js,2011-08-14T21:33:58Z
hollischuang/toBeTopJavaer,https://github.com/hollischuang/toBeTopJavaer,2018-10-25T09:54:54Z
tqdm/tqdm,https://github.com/tqdm/tqdm,2015-06-03T13:13:14Z
SDWebImage/SDWebImage,https://github.com/SDWebImage/SDWebImage,2009-09-21T17:39:19Z
SerenityOS/serenity,https://github.com/SerenityOS/serenity,2018-12-02T19:28:41Z
facebookresearch/detectron2,https://github.com/facebookresearch/detectron2,2019-09-05T21:30:20Z
powerline/fonts,https://github.com/powerline/fonts,2012-12-19T13:31:50Z
dokku/dokku,https://github.com/dokku/dokku,2013-06-08T10:26:57Z
dani-garcia/vaultwarden,https://github.com/dani-garcia/vaultwarden,2018-02-17T22:40:20Z
facebookresearch/fastText,https://github.com/facebookresearch/fastText,2016-07-16T13:38:42Z
mbeaudru/modern-js-cheatsheet,https://github.com/mbeaudru/modern-js-cheatsheet,2017-09-18T14:56:00Z
akveo/ngx-admin,https://github.com/akveo/ngx-admin,2016-05-25T10:09:03Z
terryum/awesome-deep-learning-papers,https://github.com/terryum/awesome-deep-learning-papers,2016-06-03T06:48:30Z
google/python-fire,https://github.com/google/python-fire,2017-02-21T21:35:07Z
remoteintech/remote-jobs,https://github.com/remoteintech/remote-jobs,2015-10-13T03:49:25Z
greenrobot/EventBus,https://github.com/greenrobot/EventBus,2012-07-16T16:55:40Z
nushell/nushell,https://github.com/nushell/nushell,2019-05-10T16:59:42Z
ggerganov/llama.cpp,https://github.com/ggerganov/llama.cpp,2023-03-10T18:58:00Z
sindresorhus/awesome-electron,https://github.com/sindresorhus/awesome-electron,2015-04-23T11:48:53Z
helm/helm,https://github.com/helm/helm,2015-10-06T01:07:32Z
DIYgod/RSSHub,https://github.com/DIYgod/RSSHub,2018-04-02T14:43:21Z
Ebazhanov/linkedin-skill-assessments-quizzes,https://github.com/Ebazhanov/linkedin-skill-assessments-quizzes,2019-07-13T19:52:56Z
scwang90/SmartRefreshLayout,https://github.com/scwang90/SmartRefreshLayout,2017-06-02T09:52:50Z
TheAlgorithms/C-Plus-Plus,https://github.com/TheAlgorithms/C-Plus-Plus,2016-07-16T10:19:45Z
xuxueli/xxl-job,https://github.com/xuxueli/xxl-job,2015-11-28T12:59:34Z
GorvGoyl/Clone-Wars,https://github.com/GorvGoyl/Clone-Wars,2020-12-02T11:10:16Z
streamlit/streamlit,https://github.com/streamlit/streamlit,2019-08-24T00:14:52Z
pjreddie/darknet,https://github.com/pjreddie/darknet,2014-04-11T07:59:16Z
kilimchoi/engineering-blogs,https://github.com/kilimchoi/engineering-blogs,2015-06-13T18:25:17Z
eugeneyan/applied-ml,https://github.com/eugeneyan/applied-ml,2020-07-04T18:57:47Z
dmlc/xgboost,https://github.com/dmlc/xgboost,2014-02-06T17:28:03Z
iview/iview,https://github.com/iview/iview,2016-07-28T01:52:59Z
ShareX/ShareX,https://github.com/ShareX/ShareX,2013-10-08T23:32:10Z
wesbos/JavaScript30,https://github.com/wesbos/JavaScript30,2016-12-07T19:15:31Z
johnpapa/angular-styleguide,https://github.com/johnpapa/angular-styleguide,2014-07-29T00:07:51Z
airbnb/lottie-ios,https://github.com/airbnb/lottie-ios,2016-10-06T22:38:38Z
zeromicro/go-zero,https://github.com/zeromicro/go-zero,2020-08-07T15:37:57Z
kataras/iris,https://github.com/kataras/iris,2016-01-30T04:36:48Z
open-mmlab/mmdetection,https://github.com/open-mmlab/mmdetection,2018-08-22T07:06:06Z
AykutSarac/jsoncrack.com,https://github.com/AykutSarac/jsoncrack.com,2022-01-30T15:25:18Z
fastai/fastai,https://github.com/fastai/fastai,2017-09-09T17:43:36Z
pypa/pipenv,https://github.com/pypa/pipenv,2017-01-20T00:44:02Z
Asabeneh/30-Days-Of-Python,https://github.com/Asabeneh/30-Days-Of-Python,2019-11-19T17:24:16Z
swagger-api/swagger-ui,https://github.com/swagger-api/swagger-ui,2011-07-15T22:56:39Z
littlecodersh/ItChat,https://github.com/littlecodersh/ItChat,2016-01-19T07:49:48Z
jaywcjlove/linux-command,https://github.com/jaywcjlove/linux-command,2016-11-12T15:44:26Z
seata/seata,https://github.com/seata/seata,2018-12-28T08:37:22Z
emscripten-core/emscripten,https://github.com/emscripten-core/emscripten,2011-02-12T05:23:30Z
statelyai/xstate,https://github.com/statelyai/xstate,2015-09-14T15:04:15Z
mongodb/mongo,https://github.com/mongodb/mongo,2009-01-15T16:15:18Z
react-native-elements/react-native-elements,https://github.com/react-native-elements/react-native-elements,2016-09-08T14:21:41Z
Pierian-Data/Complete-Python-3-Bootcamp,https://github.com/Pierian-Data/Complete-Python-3-Bootcamp,2018-02-12T19:30:10Z
vuejs/devtools,https://github.com/vuejs/devtools,2014-09-29T03:52:07Z
alpinejs/alpine,https://github.com/alpinejs/alpine,2019-11-28T13:51:55Z
sampotts/plyr,https://github.com/sampotts/plyr,2015-02-14T11:33:07Z
signalapp/Signal-Android,https://github.com/signalapp/Signal-Android,2011-12-15T20:01:12Z
ascoders/weekly,https://github.com/ascoders/weekly,2017-03-20T06:10:04Z
OWASP/CheatSheetSeries,https://github.com/OWASP/CheatSheetSeries,2018-12-21T14:26:43Z
CymChad/BaseRecyclerViewAdapterHelper,https://github.com/CymChad/BaseRecyclerViewAdapterHelper,2016-04-10T07:40:11Z
hammerjs/hammer.js,https://github.com/hammerjs/hammer.js,2012-03-02T12:58:28Z
VundleVim/Vundle.vim,https://github.com/VundleVim/Vundle.vim,2010-10-17T23:17:53Z
haizlin/fe-interview,https://github.com/haizlin/fe-interview,2019-04-17T03:05:58Z
angular/components,https://github.com/angular/components,2016-01-04T18:50:02Z
TeamNewPipe/NewPipe,https://github.com/TeamNewPipe/NewPipe,2015-09-03T23:39:26Z
beurtschipper/Depix,https://github.com/beurtschipper/Depix,2020-12-06T12:39:08Z
nsqio/nsq,https://github.com/nsqio/nsq,2012-05-12T14:37:08Z
feathericons/feather,https://github.com/feathericons/feather,2014-05-28T19:49:55Z
bevyengine/bevy,https://github.com/bevyengine/bevy,2020-01-18T21:13:55Z
pnpm/pnpm,https://github.com/pnpm/pnpm,2016-01-28T07:40:43Z
quasarframework/quasar,https://github.com/quasarframework/quasar,2015-10-05T15:45:36Z
Netflix/Hystrix,https://github.com/Netflix/Hystrix,2012-11-19T20:14:46Z
rollup/rollup,https://github.com/rollup/rollup,2015-05-14T22:26:28Z
alibaba/flutter-go,https://github.com/alibaba/flutter-go,2019-01-08T09:03:40Z
charlax/professional-programming,https://github.com/charlax/professional-programming,2015-11-07T05:07:52Z
numpy/numpy,https://github.com/numpy/numpy,2010-09-13T23:02:39Z
zhiwehu/Python-programming-exercises,https://github.com/zhiwehu/Python-programming-exercises,2012-06-14T07:56:46Z
ReactiveX/RxSwift,https://github.com/ReactiveX/RxSwift,2015-04-07T21:25:17Z
michalsnik/aos,https://github.com/michalsnik/aos,2015-07-09T17:49:00Z
docsifyjs/docsify,https://github.com/docsifyjs/docsify,2016-11-20T07:55:43Z
mdbootstrap/mdb-ui-kit,https://github.com/mdbootstrap/mdb-ui-kit,2014-08-18T11:54:00Z
rome/tools,https://github.com/rome/tools,2020-02-20T05:57:33Z
gitlabhq/gitlabhq,https://github.com/gitlabhq/gitlabhq,2011-10-02T16:25:27Z
Kr328/ClashForAndroid,https://github.com/Kr328/ClashForAndroid,2019-11-15T00:13:59Z
doczjs/docz,https://github.com/doczjs/docz,2018-03-17T04:24:10Z
dnSpy/dnSpy,https://github.com/dnSpy/dnSpy,2015-07-01T16:05:10Z
qianguyihao/Web,https://github.com/qianguyihao/Web,2017-01-03T11:44:33Z
matteocrippa/awesome-swift,https://github.com/matteocrippa/awesome-swift,2014-07-10T14:04:09Z
remix-run/remix,https://github.com/remix-run/remix,2020-10-26T19:57:28Z
vercel/pkg,https://github.com/vercel/pkg,2016-08-08T19:41:59Z
heartcombo/devise,https://github.com/heartcombo/devise,2009-09-16T12:15:12Z
qier222/YesPlayMusic,https://github.com/qier222/YesPlayMusic,2020-10-09T10:04:21Z
dotnet-architecture/eShopOnContainers,https://github.com/dotnet-architecture/eShopOnContainers,2016-10-05T22:35:23Z
datasciencemasters/go,https://github.com/datasciencemasters/go,2013-08-14T08:33:55Z
CodeHubApp/CodeHub,https://github.com/CodeHubApp/CodeHub,2013-07-23T22:19:57Z
getredash/redash,https://github.com/getredash/redash,2013-10-28T13:19:39Z
mbadolato/iTerm2-Color-Schemes,https://github.com/mbadolato/iTerm2-Color-Schemes,2011-04-01T04:01:46Z
openfaas/faas,https://github.com/openfaas/faas,2016-12-22T12:51:39Z
matterport/Mask_RCNN,https://github.com/matterport/Mask_RCNN,2017-10-19T20:28:34Z
StreisandEffect/streisand,https://github.com/StreisandEffect/streisand,2014-03-23T21:56:19Z
pure-css/pure,https://github.com/pure-css/pure,2013-04-22T16:16:39Z
ramda/ramda,https://github.com/ramda/ramda,2013-06-21T20:32:35Z
docker/awesome-compose,https://github.com/docker/awesome-compose,2020-02-13T08:51:42Z
syl20bnr/spacemacs,https://github.com/syl20bnr/spacemacs,2012-12-17T21:34:03Z
servo/servo,https://github.com/servo/servo,2012-02-08T19:07:25Z
taichi-dev/taichi,https://github.com/taichi-dev/taichi,2016-11-24T10:00:05Z
discordjs/discord.js,https://github.com/discordjs/discord.js,2015-08-10T13:36:26Z
kahun/awesome-sysadmin,https://github.com/kahun/awesome-sysadmin,2014-02-09T22:39:20Z
k3s-io/k3s,https://github.com/k3s-io/k3s,2018-05-31T01:37:46Z
coder2gwy/coder2gwy,https://github.com/coder2gwy/coder2gwy,2020-12-30T14:40:50Z
inconshreveable/ngrok,https://github.com/inconshreveable/ngrok,2013-03-20T09:37:43Z
Wox-launcher/Wox,https://github.com/Wox-launcher/Wox,2013-12-19T15:49:32Z
StevenBlack/hosts,https://github.com/StevenBlack/hosts,2012-04-12T20:22:50Z
google/jax,https://github.com/google/jax,2018-10-25T21:25:02Z
dimsemenov/PhotoSwipe,https://github.com/dimsemenov/PhotoSwipe,2011-04-07T05:46:29Z
reduxjs/react-redux,https://github.com/reduxjs/react-redux,2015-07-11T17:32:01Z
android/architecture-components-samples,https://github.com/android/architecture-components-samples,2017-05-09T21:09:14Z
vapor/vapor,https://github.com/vapor/vapor,2016-01-18T22:37:52Z
spf13/viper,https://github.com/spf13/viper,2014-04-02T14:33:33Z
pbatard/rufus,https://github.com/pbatard/rufus,2011-11-19T19:12:05Z
nicolargo/glances,https://github.com/nicolargo/glances,2011-12-04T08:49:15Z
microsoft/DeepSpeed,https://github.com/microsoft/DeepSpeed,2020-01-23T18:35:18Z
neoclide/coc.nvim,https://github.com/neoclide/coc.nvim,2018-05-01T22:39:02Z
pocketbase/pocketbase,https://github.com/pocketbase/pocketbase,2022-07-05T06:06:21Z
ApolloAuto/apollo,https://github.com/ApolloAuto/apollo,2017-07-04T19:03:31Z
geekan/HowToLiveLonger,https://github.com/geekan/HowToLiveLonger,2022-04-16T04:15:18Z
balderdashy/sails,https://github.com/balderdashy/sails,2012-03-18T19:46:15Z
eslint/eslint,https://github.com/eslint/eslint,2013-06-29T23:59:48Z
codex-team/editor.js,https://github.com/codex-team/editor.js,2015-11-28T20:56:35Z
sirupsen/logrus,https://github.com/sirupsen/logrus,2013-10-16T19:08:55Z
Lightning-AI/lightning,https://github.com/Lightning-AI/lightning,2019-03-31T00:45:57Z
MostlyAdequate/mostly-adequate-guide,https://github.com/MostlyAdequate/mostly-adequate-guide,2015-05-06T01:44:15Z
guzzle/guzzle,https://github.com/guzzle/guzzle,2011-02-28T02:44:05Z
keon/algorithms,https://github.com/keon/algorithms,2016-11-17T22:32:08Z
emberjs/ember.js,https://github.com/emberjs/ember.js,2011-05-25T23:39:40Z
redux-saga/redux-saga,https://github.com/redux-saga/redux-saga,2015-11-29T16:58:12Z
NativeScript/NativeScript,https://github.com/NativeScript/NativeScript,2015-03-01T09:47:08Z
ovity/octotree,https://github.com/ovity/octotree,2014-05-09T18:15:20Z
MichaelCade/90DaysOfDevOps,https://github.com/MichaelCade/90DaysOfDevOps,2021-12-26T13:55:18Z
github/hub,https://github.com/github/hub,2009-12-05T22:15:25Z
microsoft/cascadia-code,https://github.com/microsoft/cascadia-code,2019-07-10T22:50:20Z
facebookarchive/draft-js,https://github.com/facebookarchive/draft-js,2016-02-19T20:18:26Z
schollz/croc,https://github.com/schollz/croc,2017-10-17T15:20:18Z
fouber/blog,https://github.com/fouber/blog,2014-04-25T09:44:42Z
react-navigation/react-navigation,https://github.com/react-navigation/react-navigation,2017-01-26T19:51:40Z
rwaldron/idiomatic.js,https://github.com/rwaldron/idiomatic.js,2011-05-25T17:48:59Z
viatsko/awesome-vscode,https://github.com/viatsko/awesome-vscode,2016-02-07T23:02:45Z
Awesome-Windows/Awesome,https://github.com/Awesome-Windows/Awesome,2016-05-30T17:27:35Z
deezer/spleeter,https://github.com/deezer/spleeter,2019-09-26T15:40:46Z
pmndrs/react-three-fiber,https://github.com/pmndrs/react-three-fiber,2019-02-25T14:31:51Z
yeasy/docker_practice,https://github.com/yeasy/docker_practice,2014-09-05T04:06:39Z
t4t5/sweetalert,https://github.com/t4t5/sweetalert,2014-09-30T11:12:48Z
Igglybuff/awesome-piracy,https://github.com/Igglybuff/awesome-piracy,2018-10-09T22:09:56Z
zloirock/core-js,https://github.com/zloirock/core-js,2013-07-17T16:32:27Z
github/copilot-docs,https://github.com/github/copilot-docs,2021-10-23T16:07:04Z
markerikson/react-redux-links,https://github.com/markerikson/react-redux-links,2016-01-22T02:10:28Z
tachiyomiorg/tachiyomi,https://github.com/tachiyomiorg/tachiyomi,2015-10-07T09:51:12Z
v2fly/v2ray-core,https://github.com/v2fly/v2ray-core,2019-04-15T10:05:54Z
GitHubDaily/GitHubDaily,https://github.com/GitHubDaily/GitHubDaily,2018-12-30T13:56:58Z
localForage/localForage,https://github.com/localForage/localForage,2013-10-31T00:10:06Z
mpv-player/mpv,https://github.com/mpv-player/mpv,2012-10-13T08:08:44Z
nextcloud/server,https://github.com/nextcloud/server,2016-06-02T07:44:14Z
eriklindernoren/ML-From-Scratch,https://github.com/eriklindernoren/ML-From-Scratch,2017-02-05T12:11:23Z
Tencent/wepy,https://github.com/Tencent/wepy,2016-11-14T08:06:56Z
lutzroeder/netron,https://github.com/lutzroeder/netron,2010-12-26T12:53:43Z
bilibili/flv.js,https://github.com/bilibili/flv.js,2016-05-12T08:34:31Z
google/gson,https://github.com/google/gson,2015-03-19T18:21:20Z
ipfs/ipfs,https://github.com/ipfs/ipfs,2014-02-11T07:28:24Z
OpenZeppelin/openzeppelin-contracts,https://github.com/OpenZeppelin/openzeppelin-contracts,2016-08-01T20:54:54Z
harvesthq/chosen,https://github.com/harvesthq/chosen,2011-04-18T15:07:41Z
facebook/flow,https://github.com/facebook/flow,2014-10-28T17:17:45Z
mochajs/mocha,https://github.com/mochajs/mocha,2011-03-07T18:44:25Z
usablica/intro.js,https://github.com/usablica/intro.js,2013-03-10T15:12:45Z
marmelab/react-admin,https://github.com/marmelab/react-admin,2016-07-13T07:58:54Z
DrKLO/Telegram,https://github.com/DrKLO/Telegram,2013-10-25T14:08:10Z
Polymer/polymer,https://github.com/Polymer/polymer,2012-08-23T20:56:30Z
SwiftyJSON/SwiftyJSON,https://github.com/SwiftyJSON/SwiftyJSON,2014-06-18T14:41:15Z
conwnet/github1s,https://github.com/conwnet/github1s,2019-06-16T09:55:25Z
envoyproxy/envoy,https://github.com/envoyproxy/envoy,2016-08-08T15:07:24Z
wangzheng0822/algo,https://github.com/wangzheng0822/algo,2018-09-24T05:33:46Z
logseq/logseq,https://github.com/logseq/logseq,2020-05-23T00:06:06Z
doocs/leetcode,https://github.com/doocs/leetcode,2018-09-16T14:03:03Z
kriasoft/react-starter-kit,https://github.com/kriasoft/react-starter-kit,2014-04-16T13:08:18Z
withfig/autocomplete,https://github.com/withfig/autocomplete,2020-09-29T02:21:06Z
tmrts/go-patterns,https://github.com/tmrts/go-patterns,2015-12-14T22:05:06Z
1c7/chinese-independent-developer,https://github.com/1c7/chinese-independent-developer,2017-09-21T11:08:23Z
nothings/stb,https://github.com/nothings/stb,2014-05-25T16:51:23Z
homebridge/homebridge,https://github.com/homebridge/homebridge,2014-12-01T16:37:39Z
RedisInsight/RedisDesktopManager,https://github.com/RedisInsight/RedisDesktopManager,2013-08-05T07:51:08Z
tatsu-lab/stanford_alpaca,https://github.com/tatsu-lab/stanford_alpaca,2023-03-10T23:33:09Z
facebookresearch/fairseq,https://github.com/facebookresearch/fairseq,2017-08-29T16:26:12Z
felixrieseberg/windows95,https://github.com/felixrieseberg/windows95,2018-08-23T05:04:38Z
jellyfin/jellyfin,https://github.com/jellyfin/jellyfin,2018-12-09T06:36:45Z
google/iosched,https://github.com/google/iosched,2014-04-01T22:40:40Z
python-telegram-bot/python-telegram-bot,https://github.com/python-telegram-bot/python-telegram-bot,2015-07-07T15:30:39Z
mozilla/DeepSpeech,https://github.com/mozilla/DeepSpeech,2016-06-02T15:04:53Z
apache/skywalking,https://github.com/apache/skywalking,2015-11-07T03:30:36Z
MonitorControl/MonitorControl,https://github.com/MonitorControl/MonitorControl,2017-09-16T21:13:40Z
react-bootstrap/react-bootstrap,https://github.com/react-bootstrap/react-bootstrap,2013-12-27T19:06:07Z
hwdsl2/setup-ipsec-vpn,https://github.com/hwdsl2/setup-ipsec-vpn,2016-01-07T16:44:12Z
OpenBB-finance/OpenBBTerminal,https://github.com/OpenBB-finance/OpenBBTerminal,2020-12-20T10:46:38Z
ziglang/zig,https://github.com/ziglang/zig,2015-08-06T00:51:28Z
telegramdesktop/tdesktop,https://github.com/telegramdesktop/tdesktop,2014-05-02T12:36:31Z
goldfire/howler.js,https://github.com/goldfire/howler.js,2013-01-28T16:47:12Z
backstage/backstage,https://github.com/backstage/backstage,2020-01-24T22:39:49Z
sebastianruder/NLP-progress,https://github.com/sebastianruder/NLP-progress,2018-06-22T17:43:55Z
elixir-lang/elixir,https://github.com/elixir-lang/elixir,2011-01-09T08:43:57Z
notable/notable,https://github.com/notable/notable,2018-12-22T13:57:19Z
penpot/penpot,https://github.com/penpot/penpot,2015-12-29T22:09:07Z
bevacqua/dragula,https://github.com/bevacqua/dragula,2015-04-13T21:35:38Z
openssl/openssl,https://github.com/openssl/openssl,2013-01-15T22:34:48Z
google/mediapipe,https://github.com/google/mediapipe,2019-06-13T19:16:41Z
wsargent/docker-cheat-sheet,https://github.com/wsargent/docker-cheat-sheet,2014-08-05T20:04:20Z
labmlai/annotated_deep_learning_paper_implementations,https://github.com/labmlai/annotated_deep_learning_paper_implementations,2020-08-25T02:29:34Z
jlmakes/scrollreveal,https://github.com/jlmakes/scrollreveal,2014-01-16T17:37:20Z
ogham/exa,https://github.com/ogham/exa,2014-05-22T12:45:16Z
vuejs/vuepress,https://github.com/vuejs/vuepress,2018-04-05T16:58:38Z
chenglou/react-motion,https://github.com/chenglou/react-motion,2015-06-11T07:38:23Z
firecracker-microvm/firecracker,https://github.com/firecracker-microvm/firecracker,2017-10-19T06:18:47Z
zyedidia/micro,https://github.com/zyedidia/micro,2016-03-11T02:06:28Z
datawhalechina/pumpkin-book,https://github.com/datawhalechina/pumpkin-book,2018-12-22T05:05:24Z
freqtrade/freqtrade,https://github.com/freqtrade/freqtrade,2017-05-17T23:48:53Z
highlightjs/highlight.js,https://github.com/highlightjs/highlight.js,2011-01-01T23:47:21Z
jaredhanson/passport,https://github.com/jaredhanson/passport,2011-10-08T22:38:32Z
libgdx/libgdx,https://github.com/libgdx/libgdx,2012-08-10T19:34:38Z
ossrs/srs,https://github.com/ossrs/srs,2015-04-29T06:59:32Z
fish-shell/fish-shell,https://github.com/fish-shell/fish-shell,2012-05-10T03:00:55Z
HeroTransitions/Hero,https://github.com/HeroTransitions/Hero,2016-11-24T18:49:37Z
colinhacks/zod,https://github.com/colinhacks/zod,2020-03-07T20:59:08Z
chubin/wttr.in,https://github.com/chubin/wttr.in,2015-12-26T21:03:43Z
celery/celery,https://github.com/celery/celery,2009-04-24T11:31:24Z
helix-editor/helix,https://github.com/helix-editor/helix,2020-06-01T04:26:56Z
bitcoinbook/bitcoinbook,https://github.com/bitcoinbook/bitcoinbook,2013-08-11T23:18:28Z
libuv/libuv,https://github.com/libuv/libuv,2013-11-30T00:29:56Z
sdras/awesome-actions,https://github.com/sdras/awesome-actions,2018-10-17T17:53:45Z
directus/directus,https://github.com/directus/directus,2012-12-12T01:35:36Z
TanStack/table,https://github.com/TanStack/table,2016-10-20T17:25:08Z
goldbergyoni/javascript-testing-best-practices,https://github.com/goldbergyoni/javascript-testing-best-practices,2019-07-04T11:08:12Z
microsoft/api-guidelines,https://github.com/microsoft/api-guidelines,2016-07-12T20:01:24Z
DesignPatternsPHP/DesignPatternsPHP,https://github.com/DesignPatternsPHP/DesignPatternsPHP,2011-08-22T05:24:31Z
pugjs/pug,https://github.com/pugjs/pug,2010-06-23T01:05:42Z
youzan/vant,https://github.com/youzan/vant,2017-04-19T07:55:31Z
onevcat/Kingfisher,https://github.com/onevcat/Kingfisher,2015-04-06T14:26:21Z
validatorjs/validator.js,https://github.com/validatorjs/validator.js,2010-10-06T06:58:48Z
taosdata/TDengine,https://github.com/taosdata/TDengine,2019-07-11T08:33:48Z
electron-react-boilerplate/electron-react-boilerplate,https://github.com/electron-react-boilerplate/electron-react-boilerplate,2015-05-18T09:54:57Z
trekhleb/homemade-machine-learning,https://github.com/trekhleb/homemade-machine-learning,2018-11-01T04:34:19Z
mxgmn/WaveFunctionCollapse,https://github.com/mxgmn/WaveFunctionCollapse,2016-09-30T11:53:17Z
locustio/locust,https://github.com/locustio/locust,2011-02-17T11:08:03Z
academic/awesome-datascience,https://github.com/academic/awesome-datascience,2014-07-05T07:07:43Z
tsenart/vegeta,https://github.com/tsenart/vegeta,2013-08-13T11:45:21Z
aseprite/aseprite,https://github.com/aseprite/aseprite,2014-08-19T23:44:50Z
apache/flink,https://github.com/apache/flink,2014-06-07T07:00:10Z
gfwlist/gfwlist,https://github.com/gfwlist/gfwlist,2015-03-13T13:24:56Z
v8/v8,https://github.com/v8/v8,2014-09-24T15:24:30Z
tornadoweb/tornado,https://github.com/tornadoweb/tornado,2009-09-09T04:55:16Z
termux/termux-app,https://github.com/termux/termux-app,2015-10-23T09:42:46Z
facebookresearch/faiss,https://github.com/facebookresearch/faiss,2017-02-07T16:07:05Z
redisson/redisson,https://github.com/redisson/redisson,2014-01-11T14:06:25Z
rxhanson/Rectangle,https://github.com/rxhanson/Rectangle,2019-06-21T21:34:53Z
paularmstrong/normalizr,https://github.com/paularmstrong/normalizr,2014-08-20T08:41:38Z
dapr/dapr,https://github.com/dapr/dapr,2019-06-19T00:49:06Z
2dust/v2rayNG,https://github.com/2dust/v2rayNG,2019-05-15T02:15:31Z
postcss/autoprefixer,https://github.com/postcss/autoprefixer,2013-03-14T05:04:51Z
dracula/dracula-theme,https://github.com/dracula/dracula-theme,2013-10-27T12:39:02Z
googlehosts/hosts,https://github.com/googlehosts/hosts,2017-08-05T16:10:32Z
gchq/CyberChef,https://github.com/gchq/CyberChef,2016-11-28T10:34:07Z
lensapp/lens,https://github.com/lensapp/lens,2018-11-12T06:28:56Z
vercel/turbo,https://github.com/vercel/turbo,2021-10-05T17:37:11Z
robertdavidgraham/masscan,https://github.com/robertdavidgraham/masscan,2013-07-28T05:35:33Z
rancher/rancher,https://github.com/rancher/rancher,2014-11-07T20:49:31Z
refined-github/refined-github,https://github.com/refined-github/refined-github,2016-02-15T16:45:02Z
zadam/trilium,https://github.com/zadam/trilium,2017-05-23T00:30:20Z
alibaba/Sentinel,https://github.com/alibaba/Sentinel,2018-04-04T06:37:33Z
leereilly/games,https://github.com/leereilly/games,2012-01-05T19:48:55Z
julycoding/The-Art-Of-Programming-By-July-2nd,https://github.com/julycoding/The-Art-Of-Programming-By-July-2nd,2013-12-14T10:00:06Z
git-tips/tips,https://github.com/git-tips/tips,2015-07-15T07:24:48Z
SwiftGGTeam/the-swift-programming-language-in-chinese,https://github.com/SwiftGGTeam/the-swift-programming-language-in-chinese,2014-06-03T04:44:09Z
shieldfy/API-Security-Checklist,https://github.com/shieldfy/API-Security-Checklist,2017-07-08T20:01:38Z
judasn/IntelliJ-IDEA-Tutorial,https://github.com/judasn/IntelliJ-IDEA-Tutorial,2015-08-17T15:25:52Z
ColorlibHQ/gentelella,https://github.com/ColorlibHQ/gentelella,2015-05-15T06:57:27Z
flameshot-org/flameshot,https://github.com/flameshot-org/flameshot,2017-05-10T19:44:51Z
requarks/wiki,https://github.com/requarks/wiki,2016-08-16T19:35:26Z
ChristosChristofidis/awesome-deep-learning,https://github.com/ChristosChristofidis/awesome-deep-learning,2015-01-02T19:28:35Z
bazelbuild/bazel,https://github.com/bazelbuild/bazel,2014-06-12T16:00:38Z
necolas/react-native-web,https://github.com/necolas/react-native-web,2015-06-09T19:25:38Z
jenkinsci/jenkins,https://github.com/jenkinsci/jenkins,2010-11-22T21:21:23Z
FallibleInc/security-guide-for-developers,https://github.com/FallibleInc/security-guide-for-developers,2016-06-08T15:56:25Z
vnpy/vnpy,https://github.com/vnpy/vnpy,2015-03-02T03:36:58Z
MustangYM/WeChatExtension-ForMac,https://github.com/MustangYM/WeChatExtension-ForMac,2019-04-25T03:02:16Z
iawia002/lux,https://github.com/iawia002/lux,2018-02-24T11:29:03Z
google/ExoPlayer,https://github.com/google/ExoPlayer,2014-06-13T21:19:18Z
changkun/modern-cpp-tutorial,https://github.com/changkun/modern-cpp-tutorial,2016-08-19T14:39:15Z
ruanyf/es6tutorial,https://github.com/ruanyf/es6tutorial,2014-04-20T13:06:28Z
kdeldycke/awesome-falsehood,https://github.com/kdeldycke/awesome-falsehood,2016-09-08T09:13:47Z
WeNeedHome/SummaryOfLoanSuspension,https://github.com/WeNeedHome/SummaryOfLoanSuspension,2022-07-12T16:33:25Z
js-cookie/js-cookie,https://github.com/js-cookie/js-cookie,2015-03-19T15:57:47Z
javascript-tutorial/en.javascript.info,https://github.com/javascript-tutorial/en.javascript.info,2017-06-03T14:27:57Z
ai/nanoid,https://github.com/ai/nanoid,2017-08-05T05:24:35Z
jhipster/generator-jhipster,https://github.com/jhipster/generator-jhipster,2013-10-21T20:07:22Z
derailed/k9s,https://github.com/derailed/k9s,2019-01-25T18:46:02Z
forem/forem,https://github.com/forem/forem,2016-11-13T23:02:13Z
go-kratos/kratos,https://github.com/go-kratos/kratos,2019-01-10T10:42:31Z
zhaoolee/ChromeAppHeroes,https://github.com/zhaoolee/ChromeAppHeroes,2019-02-07T06:35:24Z
vadimdemedes/ink,https://github.com/vadimdemedes/ink,2017-06-12T06:12:28Z
JohnCoates/Aerial,https://github.com/JohnCoates/Aerial,2015-10-26T21:21:31Z
SergioBenitez/Rocket,https://github.com/SergioBenitez/Rocket,2016-03-18T02:50:18Z
Meituan-Dianping/mpvue,https://github.com/Meituan-Dianping/mpvue,2018-03-07T03:09:25Z
go-delve/delve,https://github.com/go-delve/delve,2014-05-20T19:24:43Z
winstonjs/winston,https://github.com/winstonjs/winston,2010-12-29T18:49:51Z
PostgREST/postgrest,https://github.com/PostgREST/postgrest,2014-06-13T00:23:00Z
apache/mxnet,https://github.com/apache/mxnet,2015-04-30T16:21:15Z
go-micro/go-micro,https://github.com/go-micro/go-micro,2015-01-13T23:30:18Z
huiyadanli/RevokeMsgPatcher,https://github.com/huiyadanli/RevokeMsgPatcher,2019-07-21T15:12:52Z
Asabeneh/30-Days-Of-React,https://github.com/Asabeneh/30-Days-Of-React,2020-09-29T13:38:54Z
jumpserver/jumpserver,https://github.com/jumpserver/jumpserver,2014-07-04T03:54:59Z
Molunerfinn/PicGo,https://github.com/Molunerfinn/PicGo,2017-12-12T08:39:44Z
avajs/ava,https://github.com/avajs/ava,2014-11-18T17:20:26Z
Seldaek/monolog,https://github.com/Seldaek/monolog,2011-02-17T02:07:15Z
Stability-AI/stablediffusion,https://github.com/Stability-AI/stablediffusion,2022-11-23T23:59:50Z
camsong/You-Dont-Need-jQuery,https://github.com/camsong/You-Dont-Need-jQuery,2015-11-21T16:02:26Z
petkaantonov/bluebird,https://github.com/petkaantonov/bluebird,2013-09-07T19:39:57Z
